created_at,entry_id,field1,field2,field3,field4,latitude,longitude,elevation,status
2025-12-01T23:09:48+00:00,1,30.48,51.23,948.15,556.64,,,,
2025-12-01T23:10:48+00:00,2,30.46,51.42,948.23,555.96,,,,
2025-12-01T23:11:48+00:00,3,30.48,51.28,948.29,555.42,,,,
2025-12-01T23:12:48+00:00,4,30.51,51.44,948.37,554.72,,,,
2025-12-01T23:13:48+00:00,5,30.55,51.29,948.40,554.51,,,,
2025-12-01T23:14:48+00:00,6,30.57,51.82,948.44,554.15,,,,
2025-12-01T23:15:48+00:00,7,30.61,51.41,948.48,553.81,,,,
2025-12-01T23:16:48+00:00,8,30.66,51.97,948.50,553.57,,,,
2025-12-01T23:17:48+00:00,9,30.70,51.48,948.54,553.27,,,,
2025-12-01T23:18:48+00:00,10,30.77,51.95,948.58,552.91,,,,
2025-12-01T23:19:48+00:00,11,30.80,52.32,948.60,552.76,,,,
2025-12-01T23:20:50+00:00,12,30.83,52.42,948.60,552.68,,,,
2025-12-01T23:21:48+00:00,13,30.86,52.32,948.63,552.43,,,,
2025-12-01T23:22:48+00:00,14,30.86,52.65,948.65,552.27,,,,
2025-12-01T23:23:48+00:00,15,30.85,52.98,948.68,552.01,,,,
2025-12-01T23:24:50+00:00,16,30.86,53.15,948.70,551.84,,,,
2025-12-01T23:25:48+00:00,17,30.79,52.78,948.69,551.90,,,,
2025-12-01T23:26:48+00:00,18,30.65,52.39,948.71,551.74,,,,
2025-12-01T23:27:49+00:00,19,30.54,52.03,948.72,551.71,,,,
2025-12-01T23:28:48+00:00,20,30.47,51.98,948.71,551.75,,,,
2025-12-01T23:29:49+00:00,21,30.40,52.19,948.75,551.43,,,,
2025-12-01T23:30:49+00:00,22,30.40,52.13,948.75,551.41,,,,
2025-12-01T23:31:49+00:00,23,30.27,52.53,948.79,551.06,,,,
2025-12-01T23:32:49+00:00,24,30.08,52.97,948.84,550.65,,,,
2025-12-01T23:33:49+00:00,25,29.90,53.38,948.91,549.99,,,,
2025-12-01T23:34:49+00:00,26,29.65,54.10,948.85,550.51,,,,
2025-12-01T23:35:51+00:00,27,29.31,54.70,948.87,550.37,,,,
2025-12-01T23:36:49+00:00,28,29.04,55.42,948.87,550.33,,,,
2025-12-01T23:37:49+00:00,29,28.96,55.68,948.89,550.14,,,,
2025-12-01T23:38:49+00:00,30,28.87,55.95,948.98,549.38,,,,
2025-12-01T23:39:52+00:00,31,28.59,56.75,949.01,549.09,,,,
2025-12-01T23:40:49+00:00,32,28.55,57.05,948.99,549.33,,,,
2025-12-01T23:41:49+00:00,33,28.62,56.87,949.03,548.93,,,,
2025-12-01T23:42:52+00:00,34,28.49,57.25,949.02,549.00,,,,
2025-12-01T23:43:49+00:00,35,28.52,57.23,949.03,548.98,,,,
2025-12-01T23:44:49+00:00,36,28.42,57.42,949.11,548.25,,,,
2025-12-01T23:45:49+00:00,37,28.27,57.83,949.08,548.47,,,,
2025-12-01T23:46:52+00:00,38,28.31,57.71,949.11,548.23,,,,
2025-12-01T23:47:49+00:00,39,28.28,57.69,949.14,547.94,,,,
2025-12-01T23:48:52+00:00,40,28.32,57.63,949.13,548.10,,,,
2025-12-01T23:49:50+00:00,41,28.32,57.61,949.19,547.58,,,,
2025-12-01T23:50:50+00:00,42,28.28,57.65,949.32,546.40,,,,
2025-12-01T23:51:50+00:00,43,28.14,57.98,949.29,546.69,,,,
2025-12-01T23:52:50+00:00,44,28.05,58.30,949.30,546.55,,,,
2025-12-01T23:53:50+00:00,45,28.04,58.28,949.27,546.80,,,,
2025-12-01T23:54:50+00:00,46,28.02,58.32,949.28,546.79,,,,
2025-12-01T23:55:50+00:00,47,28.14,57.94,949.27,546.88,,,,
2025-12-01T23:56:50+00:00,48,28.14,57.83,949.27,546.81,,,,
2025-12-01T23:57:50+00:00,49,28.03,58.17,949.24,547.11,,,,
2025-12-01T23:58:50+00:00,50,28.14,57.83,949.21,547.39,,,,
2025-12-01T23:59:52+00:00,51,28.12,57.90,949.22,547.30,,,,
2025-12-02T00:00:50+00:00,52,28.06,58.00,949.18,547.66,,,,
2025-12-02T00:01:52+00:00,53,27.94,58.32,949.13,548.10,,,,
2025-12-02T00:02:50+00:00,54,28.02,58.18,949.08,548.51,,,,
2025-12-02T00:03:50+00:00,55,28.20,57.75,949.08,548.47,,,,
2025-12-02T00:04:50+00:00,56,28.14,57.90,949.07,548.59,,,,
2025-12-02T00:05:50+00:00,57,28.18,57.76,949.12,548.18,,,,
2025-12-02T00:06:50+00:00,58,28.15,57.87,949.16,547.84,,,,
2025-12-02T00:07:50+00:00,59,28.09,58.00,949.21,547.34,,,,
2025-12-02T00:08:50+00:00,60,27.98,58.18,949.25,547.01,,,,
2025-12-02T00:09:50+00:00,61,27.94,58.38,949.29,546.69,,,,
2025-12-02T00:10:50+00:00,62,28.02,58.22,949.30,546.55,,,,
2025-12-02T00:11:53+00:00,63,28.13,58.00,949.33,546.27,,,,
2025-12-02T00:12:50+00:00,64,28.15,57.93,949.35,546.13,,,,
2025-12-02T00:13:50+00:00,65,28.06,58.18,949.34,546.22,,,,
2025-12-02T00:14:51+00:00,66,28.10,58.20,949.32,546.38,,,,
2025-12-02T00:15:50+00:00,67,28.04,58.20,949.31,546.45,,,,
2025-12-02T00:16:50+00:00,68,28.07,58.64,949.32,546.42,,,,
2025-12-02T00:17:51+00:00,69,28.13,58.24,949.33,546.31,,,,
2025-12-02T00:18:51+00:00,70,28.02,58.27,949.32,546.43,,,,
2025-12-02T00:19:51+00:00,71,27.93,58.53,949.32,546.41,,,,
2025-12-02T00:20:51+00:00,72,27.92,58.60,949.37,545.96,,,,
2025-12-02T00:21:51+00:00,73,28.00,58.38,949.42,545.56,,,,
2025-12-02T00:22:54+00:00,74,28.11,58.13,949.43,545.40,,,,
2025-12-02T00:23:51+00:00,75,28.10,58.14,949.46,545.15,,,,
2025-12-02T00:24:51+00:00,76,28.08,58.19,949.48,545.02,,,,
2025-12-02T00:25:51+00:00,77,28.13,57.99,949.49,544.92,,,,
2025-12-02T00:26:51+00:00,78,28.19,58.24,949.48,544.99,,,,
2025-12-02T00:27:54+00:00,79,28.27,58.00,949.50,544.83,,,,
2025-12-02T00:28:51+00:00,80,28.15,58.00,949.49,544.90,,,,
2025-12-02T00:29:51+00:00,81,28.08,58.04,949.49,544.91,,,,
2025-12-02T00:30:51+00:00,82,28.10,57.90,949.51,544.77,,,,
2025-12-02T00:31:51+00:00,83,28.12,58.39,949.52,544.61,,,,
2025-12-02T00:32:51+00:00,84,28.20,58.39,949.57,544.19,,,,
2025-12-02T00:33:51+00:00,85,28.13,58.26,949.54,544.50,,,,
2025-12-02T00:34:51+00:00,86,28.14,58.27,949.54,544.51,,,,
2025-12-02T00:35:51+00:00,87,28.34,58.69,949.50,544.86,,,,
2025-12-02T00:36:51+00:00,88,28.55,58.37,949.48,544.95,,,,
2025-12-02T00:37:51+00:00,89,28.75,57.74,949.47,545.11,,,,
2025-12-02T00:38:51+00:00,90,28.91,57.62,949.47,545.04,,,,
2025-12-02T00:39:51+00:00,91,29.07,58.23,949.47,545.04,,,,
2025-12-02T00:40:51+00:00,92,29.24,56.91,949.51,544.71,,,,
2025-12-02T00:41:51+00:00,93,29.27,57.41,949.49,544.92,,,,
2025-12-02T00:42:51+00:00,94,29.36,57.39,949.49,544.90,,,,
2025-12-02T00:43:51+00:00,95,29.33,57.61,949.51,544.73,,,,
2025-12-02T00:44:51+00:00,96,29.34,58.13,949.55,544.41,,,,
2025-12-02T00:45:51+00:00,97,29.40,58.11,949.56,544.26,,,,
2025-12-02T00:46:54+00:00,98,29.42,58.18,949.58,544.13,,,,
2025-12-02T00:47:52+00:00,99,29.39,58.31,949.59,544.04,,,,
2025-12-02T00:48:52+00:00,100,29.36,58.44,949.58,544.15,,,,
2025-12-02T00:49:52+00:00,101,29.38,58.26,949.57,544.23,,,,
2025-12-02T00:50:52+00:00,102,29.39,58.42,949.57,544.17,,,,
2025-12-02T00:51:52+00:00,103,29.41,58.21,949.57,544.18,,,,
2025-12-02T00:53:37+00:00,104,29.31,58.25,949.56,544.29,,,,
2025-12-02T00:55:52+00:00,105,29.13,58.26,949.59,544.03,,,,
2025-12-02T00:56:52+00:00,106,29.13,58.63,949.59,544.06,,,,
2025-12-02T00:57:52+00:00,107,29.09,58.42,949.58,544.11,,,,
2025-12-02T00:58:52+00:00,108,29.09,58.50,949.56,544.32,,,,
2025-12-02T00:59:52+00:00,109,29.07,58.64,949.56,544.32,,,,
2025-12-02T01:00:54+00:00,110,29.07,58.62,949.54,544.45,,,,
2025-12-02T01:01:55+00:00,111,29.08,58.50,949.52,544.63,,,,
2025-12-02T01:02:52+00:00,112,29.09,58.69,949.50,544.79,,,,
2025-12-02T01:03:52+00:00,113,29.09,58.90,949.51,544.76,,,,
2025-12-02T01:04:52+00:00,114,29.09,58.75,949.52,544.65,,,,
2025-12-02T01:05:52+00:00,115,29.11,58.67,949.52,544.68,,,,
2025-12-02T01:06:52+00:00,116,29.09,58.43,949.55,544.35,,,,
2025-12-02T01:07:55+00:00,117,29.08,58.72,949.57,544.20,,,,
2025-12-02T01:08:52+00:00,118,29.05,58.89,949.57,544.24,,,,
2025-12-02T01:09:53+00:00,119,29.04,58.59,949.55,544.38,,,,
2025-12-02T01:10:53+00:00,120,29.04,58.41,949.50,544.78,,,,
2025-12-02T01:11:53+00:00,121,29.04,58.83,949.49,544.90,,,,
2025-12-02T01:12:54+00:00,122,29.01,58.96,949.47,545.11,,,,
2025-12-02T01:13:53+00:00,123,29.01,58.80,949.47,545.12,,,,
2025-12-02T01:14:53+00:00,124,28.99,58.59,949.44,545.33,,,,
2025-12-02T01:15:53+00:00,125,29.02,58.73,949.43,545.47,,,,
2025-12-02T01:16:53+00:00,126,29.04,58.80,949.47,545.10,,,,
2025-12-02T01:17:53+00:00,127,29.04,58.76,949.47,545.10,,,,
2025-12-02T01:18:53+00:00,128,29.08,58.78,949.51,544.74,,,,
2025-12-02T01:19:53+00:00,129,29.05,58.91,949.51,544.71,,,,
2025-12-02T01:20:55+00:00,130,29.02,58.83,949.52,544.64,,,,
2025-12-02T01:21:53+00:00,131,29.06,58.81,949.52,544.67,,,,
2025-12-02T01:22:53+00:00,132,29.10,58.75,949.54,544.45,,,,
2025-12-02T01:23:57+00:00,133,29.06,58.77,949.53,544.54,,,,
2025-12-02T01:24:53+00:00,134,29.07,58.84,949.52,544.64,,,,
2025-12-02T01:25:53+00:00,135,29.09,58.78,949.52,544.67,,,,
2025-12-02T01:26:54+00:00,136,29.11,58.90,949.53,544.59,,,,
2025-12-02T01:27:53+00:00,137,29.09,58.86,949.53,544.52,,,,
2025-12-02T01:28:53+00:00,138,29.09,58.79,949.53,544.57,,,,
2025-12-02T01:29:54+00:00,139,29.11,59.07,949.53,544.54,,,,
2025-12-02T01:30:54+00:00,140,29.14,58.90,949.54,544.49,,,,
2025-12-02T01:31:54+00:00,141,29.13,59.19,949.54,544.47,,,,
2025-12-02T01:32:54+00:00,142,29.12,58.92,949.53,544.58,,,,
2025-12-02T01:33:54+00:00,143,29.11,59.09,949.53,544.57,,,,
2025-12-02T01:34:54+00:00,144,29.09,59.17,949.51,544.73,,,,
2025-12-02T01:35:54+00:00,145,29.10,59.14,949.50,544.83,,,,
2025-12-02T01:36:54+00:00,146,29.06,59.19,949.49,544.95,,,,
2025-12-02T01:37:56+00:00,147,29.09,59.09,949.46,545.14,,,,
2025-12-02T01:38:54+00:00,148,29.12,59.10,949.46,545.16,,,,
2025-12-02T01:39:54+00:00,149,29.14,59.00,949.44,545.31,,,,
2025-12-02T01:40:54+00:00,150,29.14,58.84,949.43,545.43,,,,
2025-12-02T01:41:57+00:00,151,29.14,59.13,949.45,545.29,,,,
2025-12-02T01:42:54+00:00,152,29.11,59.15,949.45,545.29,,,,
2025-12-02T01:43:54+00:00,153,29.15,59.15,949.44,545.30,,,,
2025-12-02T01:44:54+00:00,154,29.13,59.10,949.46,545.14,,,,
2025-12-02T01:45:54+00:00,155,29.12,59.29,949.47,545.07,,,,
2025-12-02T01:46:54+00:00,156,29.12,59.40,949.46,545.19,,,,
2025-12-02T01:47:54+00:00,157,29.08,59.34,949.45,545.22,,,,
2025-12-02T01:48:57+00:00,158,29.09,59.36,949.45,545.26,,,,
2025-12-02T01:49:54+00:00,159,29.13,59.27,949.47,545.12,,,,
2025-12-02T01:50:54+00:00,160,29.11,59.51,949.46,545.16,,,,
2025-12-02T01:51:55+00:00,161,29.12,59.51,949.45,545.25,,,,
2025-12-02T01:52:55+00:00,162,29.11,59.38,949.44,545.33,,,,
2025-12-02T01:53:55+00:00,163,29.13,59.26,949.43,545.44,,,,
2025-12-02T01:54:55+00:00,164,29.12,59.23,949.40,545.67,,,,
2025-12-02T01:55:58+00:00,165,29.12,59.16,949.39,545.80,,,,
2025-12-02T01:56:55+00:00,166,29.15,59.11,949.35,546.11,,,,
2025-12-02T01:58:00+00:00,167,29.14,59.29,949.33,546.27,,,,
2025-12-02T01:58:55+00:00,168,29.11,59.52,949.35,546.11,,,,
2025-12-02T01:59:55+00:00,169,29.12,59.33,949.37,545.98,,,,
2025-12-02T02:00:55+00:00,170,29.10,59.35,949.38,545.91,,,,
2025-12-02T02:01:57+00:00,171,29.11,59.33,949.36,546.01,,,,
2025-12-02T02:02:55+00:00,172,29.09,59.39,949.40,545.70,,,,
2025-12-02T02:03:55+00:00,173,29.11,59.41,949.40,545.70,,,,
2025-12-02T02:04:55+00:00,174,29.11,59.53,949.41,545.62,,,,
2025-12-02T02:05:55+00:00,175,29.13,59.66,949.39,545.80,,,,
2025-12-02T02:06:55+00:00,176,29.16,59.56,949.37,545.99,,,,
2025-12-02T02:07:55+00:00,177,29.22,59.31,949.34,546.22,,,,
2025-12-02T02:08:58+00:00,178,29.22,59.62,949.34,546.23,,,,
2025-12-02T02:09:55+00:00,179,29.20,59.74,949.33,546.27,,,,
2025-12-02T02:10:55+00:00,180,29.19,60.13,949.33,546.35,,,,
2025-12-02T02:11:55+00:00,181,29.18,59.96,949.34,546.23,,,,
2025-12-02T02:12:56+00:00,182,29.17,59.94,949.34,546.20,,,,
2025-12-02T02:13:57+00:00,183,29.16,60.07,949.35,546.12,,,,
2025-12-02T02:14:58+00:00,184,29.19,59.90,949.35,546.17,,,,
2025-12-02T02:15:58+00:00,185,29.19,60.04,949.33,546.27,,,,
2025-12-02T02:16:56+00:00,186,29.23,60.05,949.36,546.02,,,,
2025-12-02T02:17:56+00:00,187,29.22,60.12,949.37,545.92,,,,
2025-12-02T02:18:56+00:00,188,29.21,60.32,949.39,545.77,,,,
2025-12-02T02:19:56+00:00,189,29.23,60.27,949.41,545.63,,,,
2025-12-02T02:21:58+00:00,190,29.18,60.67,949.38,545.90,,,,
2025-12-02T02:22:56+00:00,191,29.22,60.76,949.37,545.95,,,,
2025-12-02T02:23:56+00:00,192,29.20,60.24,949.36,546.09,,,,
2025-12-02T02:24:56+00:00,193,29.17,60.55,949.34,546.23,,,,
2025-12-02T02:25:56+00:00,194,29.19,60.34,949.36,546.08,,,,
2025-12-02T02:26:56+00:00,195,29.16,60.52,949.35,546.10,,,,
2025-12-02T02:27:56+00:00,196,29.17,60.25,949.37,545.94,,,,
2025-12-02T02:28:56+00:00,197,29.15,59.99,949.35,546.13,,,,
2025-12-02T02:29:56+00:00,198,29.15,60.09,949.34,546.25,,,,
2025-12-02T02:30:56+00:00,199,29.14,60.01,949.34,546.19,,,,
2025-12-02T02:31:56+00:00,200,29.13,60.03,949.32,546.36,,,,
2025-12-02T02:32:56+00:00,201,29.13,60.05,949.32,546.41,,,,
2025-12-02T02:33:56+00:00,202,29.11,59.99,949.33,546.31,,,,
2025-12-02T02:34:57+00:00,203,29.13,59.89,949.31,546.50,,,,
2025-12-02T02:35:57+00:00,204,29.12,59.96,949.31,546.44,,,,
2025-12-02T02:36:57+00:00,205,29.10,59.92,949.29,546.66,,,,
2025-12-02T02:38:00+00:00,206,29.09,60.13,949.28,546.71,,,,
2025-12-02T02:38:57+00:00,207,29.09,59.98,949.25,546.99,,,,
2025-12-02T02:39:57+00:00,208,29.15,59.79,949.23,547.15,,,,
2025-12-02T02:40:57+00:00,209,29.12,59.89,949.21,547.34,,,,
2025-12-02T02:41:57+00:00,210,29.10,59.89,949.18,547.62,,,,
2025-12-02T02:42:57+00:00,211,29.10,59.98,949.16,547.79,,,,
2025-12-02T02:43:57+00:00,212,29.11,59.85,949.15,547.92,,,,
2025-12-02T02:45:00+00:00,213,29.09,60.13,949.12,548.18,,,,
2025-12-02T02:45:57+00:00,214,29.08,60.06,949.09,548.39,,,,
2025-12-02T02:46:57+00:00,215,29.09,60.02,949.11,548.28,,,,
2025-12-02T02:47:57+00:00,216,29.11,59.97,949.08,548.53,,,,
2025-12-02T02:48:57+00:00,217,29.14,59.91,949.07,548.55,,,,
2025-12-02T02:49:57+00:00,218,29.09,59.99,949.05,548.74,,,,
2025-12-02T02:51:00+00:00,219,29.12,59.96,949.02,549.01,,,,
2025-12-02T02:51:57+00:00,220,29.14,59.90,949.01,549.13,,,,
2025-12-02T02:53:00+00:00,221,29.15,59.89,949.00,549.24,,,,
2025-12-02T02:54:00+00:00,222,29.15,60.07,948.96,549.58,,,,
2025-12-02T02:54:57+00:00,223,29.18,60.06,948.91,549.98,,,,
2025-12-02T02:55:57+00:00,224,29.18,59.95,948.88,550.27,,,,
2025-12-02T02:56:57+00:00,225,29.17,60.22,948.84,550.66,,,,
2025-12-02T02:57:58+00:00,226,29.18,60.29,948.80,550.96,,,,
2025-12-02T02:58:58+00:00,227,29.14,60.26,948.79,551.06,,,,
2025-12-02T03:00:00+00:00,228,29.13,60.32,948.79,551.03,,,,
2025-12-02T03:00:58+00:00,229,29.17,60.17,948.83,550.69,,,,
2025-12-02T03:01:58+00:00,230,29.15,60.18,948.86,550.46,,,,
2025-12-02T03:03:01+00:00,231,29.16,60.21,948.87,550.35,,,,
2025-12-02T03:03:58+00:00,232,29.15,60.22,948.86,550.44,,,,
2025-12-02T03:04:58+00:00,233,29.14,60.30,948.85,550.52,,,,
2025-12-02T03:05:58+00:00,234,29.14,60.20,948.85,550.55,,,,
2025-12-02T03:06:58+00:00,235,29.16,60.30,948.85,550.55,,,,
2025-12-02T03:08:58+00:00,236,29.17,60.28,948.82,550.79,,,,
2025-12-02T03:09:58+00:00,237,29.17,60.29,948.80,550.98,,,,
2025-12-02T03:10:58+00:00,238,29.16,60.42,948.79,551.08,,,,
2025-12-02T03:11:58+00:00,239,29.14,60.32,948.78,551.16,,,,
2025-12-02T03:12:58+00:00,240,29.13,60.23,948.77,551.25,,,,
2025-12-02T03:13:58+00:00,241,29.15,60.30,948.76,551.27,,,,
2025-12-02T03:14:58+00:00,242,29.18,60.21,948.77,551.26,,,,
2025-12-02T03:15:58+00:00,243,29.14,60.43,948.76,551.28,,,,
2025-12-02T03:16:58+00:00,244,29.14,60.37,948.75,551.40,,,,
2025-12-02T03:17:58+00:00,245,29.15,60.13,948.75,551.38,,,,
2025-12-02T03:18:58+00:00,246,29.17,60.24,948.76,551.28,,,,
2025-12-02T03:19:59+00:00,247,29.15,60.55,948.74,551.45,,,,
2025-12-02T03:20:59+00:00,248,29.14,60.32,948.77,551.26,,,,
2025-12-02T03:22:00+00:00,249,29.13,60.74,948.77,551.25,,,,
2025-12-02T03:22:59+00:00,250,29.14,60.48,948.75,551.38,,,,
2025-12-02T03:23:59+00:00,251,29.10,60.53,948.74,551.46,,,,
2025-12-02T03:24:59+00:00,252,29.13,60.64,948.71,551.72,,,,
2025-12-02T03:25:59+00:00,253,29.16,60.46,948.71,551.78,,,,
2025-12-02T03:27:02+00:00,254,29.17,60.39,948.69,551.94,,,,
2025-12-02T03:28:01+00:00,255,29.18,60.36,948.69,551.94,,,,
2025-12-02T03:28:59+00:00,256,29.18,60.29,948.67,552.12,,,,
2025-12-02T03:29:59+00:00,257,29.18,60.33,948.66,552.19,,,,
2025-12-02T03:30:59+00:00,258,29.18,60.32,948.65,552.31,,,,
2025-12-02T03:31:59+00:00,259,29.19,60.33,948.64,552.39,,,,
2025-12-02T03:32:59+00:00,260,29.19,60.33,948.62,552.50,,,,
2025-12-02T03:33:59+00:00,261,29.20,60.45,948.60,552.72,,,,
2025-12-02T03:34:59+00:00,262,29.19,60.53,948.58,552.88,,,,
2025-12-02T03:35:59+00:00,263,29.16,60.62,948.57,552.95,,,,
2025-12-02T03:36:59+00:00,264,29.16,60.61,948.53,553.31,,,,
2025-12-02T03:37:59+00:00,265,29.14,60.66,948.51,553.49,,,,
2025-12-02T03:38:59+00:00,266,29.16,60.38,948.50,553.62,,,,
2025-12-02T03:39:59+00:00,267,29.14,60.44,948.49,553.72,,,,
2025-12-02T03:40:59+00:00,268,29.12,60.22,948.48,553.77,,,,
2025-12-02T03:41:59+00:00,269,29.09,60.37,948.50,553.61,,,,
2025-12-02T03:43:01+00:00,270,29.08,60.28,948.52,553.43,,,,
2025-12-02T03:43:59+00:00,271,29.12,60.16,948.54,553.25,,,,
2025-12-02T03:45:00+00:00,272,29.13,59.84,948.54,553.26,,,,
2025-12-02T03:46:00+00:00,273,29.11,60.14,948.52,553.40,,,,
2025-12-02T03:47:00+00:00,274,29.12,60.33,948.52,553.43,,,,
2025-12-02T03:48:00+00:00,275,29.11,60.51,948.50,553.64,,,,
2025-12-02T03:49:00+00:00,276,29.12,60.60,948.48,553.75,,,,
2025-12-02T03:50:00+00:00,277,29.12,60.52,948.46,553.93,,,,
2025-12-02T03:51:00+00:00,278,29.12,60.42,948.44,554.13,,,,
2025-12-02T03:52:00+00:00,279,29.15,60.29,948.42,554.34,,,,
2025-12-02T03:53:00+00:00,280,29.19,60.31,948.41,554.35,,,,
2025-12-02T03:54:00+00:00,281,29.20,60.47,948.41,554.43,,,,
2025-12-02T03:55:00+00:00,282,29.16,60.45,948.39,554.57,,,,
2025-12-02T03:56:00+00:00,283,29.19,60.34,948.39,554.57,,,,
2025-12-02T03:57:00+00:00,284,29.19,60.55,948.40,554.46,,,,
2025-12-02T03:58:00+00:00,285,29.20,60.70,948.40,554.51,,,,
2025-12-02T03:59:00+00:00,286,29.19,60.84,948.42,554.28,,,,
2025-12-02T04:00:00+00:00,287,29.23,60.24,948.42,554.33,,,,
2025-12-02T04:01:05+00:00,288,29.24,60.23,948.43,554.24,,,,
2025-12-02T04:02:00+00:00,289,29.25,59.79,948.40,554.44,,,,
2025-12-02T04:03:03+00:00,290,29.26,59.66,948.39,554.58,,,,
2025-12-02T04:04:01+00:00,291,29.23,59.96,948.40,554.51,,,,
2025-12-02T04:05:01+00:00,292,29.22,60.04,948.41,554.42,,,,
2025-12-02T04:06:01+00:00,293,29.21,60.09,948.41,554.34,,,,
2025-12-02T04:07:04+00:00,294,29.19,60.15,948.42,554.28,,,,
2025-12-02T04:08:01+00:00,295,29.21,60.14,948.45,554.06,,,,
2025-12-02T04:09:03+00:00,296,29.23,60.10,948.44,554.09,,,,
2025-12-02T04:10:01+00:00,297,29.20,60.32,948.46,553.96,,,,
2025-12-02T04:11:01+00:00,298,29.19,60.27,948.46,553.94,,,,
2025-12-02T04:12:02+00:00,299,29.19,60.43,948.45,554.01,,,,
2025-12-02T04:13:01+00:00,300,29.22,60.16,948.43,554.25,,,,
2025-12-02T04:14:01+00:00,301,29.23,60.02,948.43,554.22,,,,
2025-12-02T04:15:01+00:00,302,29.27,59.73,948.41,554.37,,,,
2025-12-02T04:16:01+00:00,303,29.26,59.71,948.43,554.23,,,,
2025-12-02T04:17:01+00:00,304,29.26,59.86,948.42,554.26,,,,
2025-12-02T04:18:01+00:00,305,29.25,60.01,948.42,554.31,,,,
2025-12-02T04:19:01+00:00,306,29.23,60.05,948.44,554.14,,,,
2025-12-02T04:20:01+00:00,307,29.22,59.98,948.45,554.01,,,,
2025-12-02T04:21:01+00:00,308,29.21,60.00,948.45,554.03,,,,
2025-12-02T04:22:01+00:00,309,29.17,60.26,948.48,553.78,,,,
2025-12-02T04:23:01+00:00,310,29.18,60.22,948.49,553.69,,,,
2025-12-02T04:24:01+00:00,311,29.15,60.19,948.48,553.75,,,,
2025-12-02T04:25:04+00:00,312,29.17,60.10,948.49,553.66,,,,
2025-12-02T04:26:01+00:00,313,29.20,60.03,948.47,553.85,,,,
2025-12-02T04:27:01+00:00,314,29.16,60.14,948.46,553.98,,,,
2025-12-02T04:28:02+00:00,315,29.17,60.05,948.43,554.17,,,,
2025-12-02T04:29:02+00:00,316,29.18,60.07,948.39,554.56,,,,
2025-12-02T04:30:02+00:00,317,29.18,60.12,948.33,555.08,,,,
2025-12-02T04:31:02+00:00,318,29.20,60.26,948.28,555.56,,,,
2025-12-02T04:32:02+00:00,319,29.17,60.35,948.24,555.91,,,,
2025-12-02T04:33:02+00:00,320,29.17,60.32,948.22,556.09,,,,
2025-12-02T04:34:02+00:00,321,29.20,60.22,948.18,556.45,,,,
2025-12-02T04:35:02+00:00,322,29.23,60.29,948.16,556.56,,,,
2025-12-02T04:36:02+00:00,323,29.27,59.92,948.16,556.59,,,,
2025-12-02T04:37:02+00:00,324,29.29,59.73,948.18,556.38,,,,
2025-12-02T04:38:02+00:00,325,29.27,59.58,948.23,555.94,,,,
2025-12-02T04:39:02+00:00,326,29.29,59.41,948.24,555.85,,,,
2025-12-02T04:40:02+00:00,327,29.32,59.35,948.29,555.45,,,,
2025-12-02T04:41:02+00:00,328,29.32,59.54,948.30,555.33,,,,
2025-12-02T04:42:05+00:00,329,29.32,59.44,948.32,555.18,,,,
2025-12-02T04:43:02+00:00,330,29.34,59.13,948.32,555.20,,,,
2025-12-02T04:44:02+00:00,331,29.33,59.20,948.32,555.15,,,,
2025-12-02T04:45:05+00:00,332,29.34,58.95,948.29,555.44,,,,
2025-12-02T04:46:02+00:00,333,29.33,58.99,948.28,555.51,,,,
2025-12-02T04:47:02+00:00,334,29.34,59.03,948.24,555.87,,,,
2025-12-02T04:48:02+00:00,335,29.29,59.30,948.22,556.04,,,,
2025-12-02T04:49:02+00:00,336,29.32,59.17,948.20,556.24,,,,
2025-12-02T04:50:03+00:00,337,29.31,59.32,948.17,556.52,,,,
2025-12-02T04:51:03+00:00,338,29.29,59.50,948.13,556.81,,,,
2025-12-02T04:52:03+00:00,339,29.30,59.62,948.12,556.95,,,,
2025-12-02T04:53:03+00:00,340,29.30,59.47,948.09,557.16,,,,
2025-12-02T04:54:03+00:00,341,29.27,59.57,948.10,557.09,,,,
2025-12-02T04:55:03+00:00,342,29.31,59.37,948.10,557.12,,,,
2025-12-02T04:56:03+00:00,343,29.31,58.86,948.10,557.15,,,,
2025-12-02T04:57:03+00:00,344,29.33,59.04,948.11,557.04,,,,
2025-12-02T04:58:05+00:00,345,29.31,59.03,948.08,557.28,,,,
2025-12-02T04:59:03+00:00,346,29.29,58.90,948.10,557.15,,,,
2025-12-02T05:00:03+00:00,347,29.33,58.90,948.09,557.24,,,,
2025-12-02T05:01:03+00:00,348,29.29,59.15,948.09,557.22,,,,
2025-12-02T05:02:03+00:00,349,29.30,58.78,948.11,557.02,,,,
2025-12-02T05:03:03+00:00,350,29.29,58.81,948.12,556.96,,,,
2025-12-02T05:04:06+00:00,351,29.26,58.76,948.12,556.93,,,,
2025-12-02T05:05:03+00:00,352,29.25,58.91,948.14,556.78,,,,
2025-12-02T05:06:03+00:00,353,29.23,59.08,948.12,556.92,,,,
2025-12-02T05:07:03+00:00,354,29.21,59.46,948.13,556.88,,,,
2025-12-02T05:08:03+00:00,355,29.24,59.16,948.13,556.86,,,,
2025-12-02T05:09:03+00:00,356,29.22,59.14,948.12,556.91,,,,
2025-12-02T05:10:04+00:00,357,29.24,59.56,948.09,557.22,,,,
2025-12-02T05:11:03+00:00,358,29.23,59.11,948.07,557.40,,,,
2025-12-02T05:12:03+00:00,359,29.23,58.97,948.05,557.54,,,,
2025-12-02T05:13:04+00:00,360,29.25,58.90,948.02,557.78,,,,
2025-12-02T05:14:04+00:00,361,29.24,58.63,948.03,557.75,,,,
2025-12-02T05:15:04+00:00,362,29.26,58.39,948.03,557.70,,,,
2025-12-02T05:16:06+00:00,363,29.25,58.69,948.02,557.79,,,,
2025-12-02T05:17:06+00:00,364,29.25,58.16,948.03,557.73,,,,
2025-12-02T05:18:04+00:00,365,29.26,58.36,948.01,557.94,,,,
2025-12-02T05:19:04+00:00,366,29.27,58.07,947.99,558.11,,,,
2025-12-02T05:20:06+00:00,367,29.29,57.67,947.97,558.26,,,,
2025-12-02T05:21:04+00:00,368,29.29,57.87,947.92,558.68,,,,
2025-12-02T05:22:04+00:00,369,29.33,57.75,947.91,558.76,,,,
2025-12-02T05:23:06+00:00,370,29.36,57.98,947.88,559.04,,,,
2025-12-02T05:24:04+00:00,371,29.34,58.09,947.88,559.03,,,,
2025-12-02T05:25:04+00:00,372,29.34,58.66,947.88,559.07,,,,
2025-12-02T05:26:04+00:00,373,29.31,58.68,947.84,559.37,,,,
2025-12-02T05:27:04+00:00,374,29.31,58.49,947.85,559.33,,,,
2025-12-02T05:28:04+00:00,375,29.27,58.39,947.84,559.43,,,,
2025-12-02T05:29:04+00:00,376,29.28,58.01,947.82,559.61,,,,
2025-12-02T05:30:04+00:00,377,29.28,57.64,947.77,560.04,,,,
2025-12-02T05:31:04+00:00,378,29.27,58.09,947.75,560.17,,,,
2025-12-02T05:32:04+00:00,379,29.27,57.39,947.73,560.36,,,,
2025-12-02T05:33:04+00:00,380,29.30,56.99,947.72,560.46,,,,
2025-12-02T05:34:04+00:00,381,29.27,57.71,947.71,560.56,,,,
2025-12-02T05:35:04+00:00,382,29.28,57.39,947.68,560.82,,,,
2025-12-02T05:36:05+00:00,383,29.29,57.53,947.66,560.97,,,,
2025-12-02T05:37:05+00:00,384,29.29,57.42,947.66,560.94,,,,
2025-12-02T05:38:05+00:00,385,29.29,57.17,947.68,560.79,,,,
2025-12-02T05:39:05+00:00,386,29.27,57.37,947.64,561.12,,,,
2025-12-02T05:40:05+00:00,387,29.27,57.38,947.68,560.76,,,,
2025-12-02T05:41:05+00:00,388,29.27,57.27,947.69,560.67,,,,
2025-12-02T05:42:05+00:00,389,29.29,56.98,947.69,560.73,,,,
2025-12-02T05:43:05+00:00,390,29.27,57.23,947.71,560.50,,,,
2025-12-02T05:44:07+00:00,391,29.26,57.06,947.72,560.46,,,,
2025-12-02T05:46:05+00:00,392,29.30,56.93,947.71,560.52,,,,
2025-12-02T05:47:05+00:00,393,29.29,56.36,947.73,560.38,,,,
2025-12-02T05:48:05+00:00,394,29.24,57.14,947.72,560.43,,,,
2025-12-02T05:49:05+00:00,395,29.24,56.44,947.74,560.24,,,,
2025-12-02T05:50:05+00:00,396,29.25,56.99,947.78,559.94,,,,
2025-12-02T05:51:05+00:00,397,29.24,57.06,947.78,559.94,,,,
2025-12-02T05:52:05+00:00,398,29.25,56.67,947.78,559.93,,,,
2025-12-02T05:53:05+00:00,399,29.23,56.81,947.75,560.16,,,,
2025-12-02T05:54:05+00:00,400,29.23,56.95,947.72,560.49,,,,
2025-12-02T05:55:05+00:00,401,29.22,56.31,947.70,560.65,,,,
2025-12-02T05:56:05+00:00,402,29.24,56.75,947.68,560.85,,,,
2025-12-02T05:57:05+00:00,403,29.24,56.48,947.63,561.22,,,,
2025-12-02T05:58:05+00:00,404,29.25,56.14,947.58,561.65,,,,
2025-12-02T05:59:05+00:00,405,29.21,56.34,947.59,561.63,,,,
2025-12-02T06:00:05+00:00,406,29.22,56.76,947.56,561.86,,,,
2025-12-02T06:01:06+00:00,407,29.20,56.47,947.55,561.96,,,,
2025-12-02T06:02:05+00:00,408,29.24,56.09,947.56,561.89,,,,
2025-12-02T06:03:06+00:00,409,29.26,55.99,947.55,561.95,,,,
2025-12-02T06:04:06+00:00,410,29.25,56.32,947.54,562.07,,,,
2025-12-02T06:05:06+00:00,411,29.24,56.64,947.53,562.12,,,,
2025-12-02T06:06:06+00:00,412,29.20,56.60,947.53,562.16,,,,
2025-12-02T06:07:06+00:00,413,29.23,56.71,947.51,562.28,,,,
2025-12-02T06:08:06+00:00,414,29.21,56.44,947.50,562.34,,,,
2025-12-02T06:09:06+00:00,415,29.20,56.82,947.50,562.36,,,,
2025-12-02T06:10:06+00:00,416,29.21,56.38,947.52,562.20,,,,
2025-12-02T06:11:06+00:00,417,29.20,56.90,947.52,562.25,,,,
2025-12-02T06:12:06+00:00,418,29.22,56.66,947.53,562.10,,,,
2025-12-02T06:13:06+00:00,419,29.20,56.58,947.55,561.99,,,,
2025-12-02T06:14:06+00:00,420,29.21,56.78,947.53,562.11,,,,
2025-12-02T06:15:06+00:00,421,29.23,56.71,947.51,562.25,,,,
2025-12-02T06:16:06+00:00,422,29.23,56.14,947.47,562.67,,,,
2025-12-02T06:17:06+00:00,423,29.24,56.21,947.44,562.92,,,,
2025-12-02T06:18:06+00:00,424,29.22,56.12,947.41,563.16,,,,
2025-12-02T06:19:08+00:00,425,29.20,56.81,947.40,563.31,,,,
2025-12-02T06:20:06+00:00,426,29.22,56.49,947.42,563.08,,,,
2025-12-02T06:21:06+00:00,427,29.24,56.04,947.44,562.89,,,,
2025-12-02T06:22:06+00:00,428,29.23,56.40,947.47,562.62,,,,
2025-12-02T06:23:06+00:00,429,29.22,56.69,947.47,562.61,,,,
2025-12-02T06:24:06+00:00,430,29.24,56.40,947.48,562.54,,,,
2025-12-02T06:25:06+00:00,431,29.26,56.06,947.48,562.58,,,,
2025-12-02T06:26:07+00:00,432,29.25,56.27,947.49,562.50,,,,
2025-12-02T06:27:06+00:00,433,29.25,56.20,947.51,562.27,,,,
2025-12-02T06:28:07+00:00,434,29.26,56.30,947.54,562.01,,,,
2025-12-02T06:29:07+00:00,435,29.25,56.51,947.56,561.89,,,,
2025-12-02T06:30:09+00:00,436,29.21,56.07,947.57,561.76,,,,
2025-12-02T06:31:07+00:00,437,29.24,55.87,947.57,561.73,,,,
2025-12-02T06:32:07+00:00,438,29.22,56.46,947.58,561.69,,,,
2025-12-02T06:33:07+00:00,439,29.23,56.06,947.55,561.96,,,,
2025-12-02T06:34:07+00:00,440,29.24,55.87,947.53,562.13,,,,
2025-12-02T06:35:07+00:00,441,29.21,56.38,947.51,562.34,,,,
2025-12-02T06:36:10+00:00,442,29.23,56.29,947.53,562.10,,,,
2025-12-02T06:37:07+00:00,443,29.22,56.24,947.54,562.07,,,,
2025-12-02T06:38:07+00:00,444,29.23,56.16,947.53,562.12,,,,
2025-12-02T06:39:07+00:00,445,29.21,56.29,947.51,562.30,,,,
2025-12-02T06:40:09+00:00,446,29.21,56.35,947.49,562.46,,,,
2025-12-02T06:41:07+00:00,447,29.22,56.17,947.48,562.59,,,,
2025-12-02T06:42:07+00:00,448,29.23,56.13,947.47,562.69,,,,
2025-12-02T06:43:07+00:00,449,29.21,56.04,947.46,562.75,,,,
2025-12-02T06:44:07+00:00,450,29.21,55.82,947.49,562.48,,,,
2025-12-02T06:45:07+00:00,451,29.21,55.81,947.51,562.28,,,,
2025-12-02T06:46:07+00:00,452,29.21,55.90,947.54,562.05,,,,
2025-12-02T06:47:07+00:00,453,29.20,56.16,947.52,562.17,,,,
2025-12-02T06:48:07+00:00,454,29.20,56.13,947.55,561.95,,,,
2025-12-02T06:49:07+00:00,455,29.21,55.70,947.56,561.84,,,,
2025-12-02T06:50:08+00:00,456,29.23,55.80,947.59,561.60,,,,
2025-12-02T06:51:12+00:00,457,29.23,55.74,947.60,561.52,,,,
2025-12-02T06:52:08+00:00,458,29.22,55.74,947.60,561.50,,,,
2025-12-02T06:53:08+00:00,459,29.23,55.73,947.58,561.69,,,,
2025-12-02T06:54:08+00:00,460,29.21,55.92,947.58,561.68,,,,
2025-12-02T06:55:08+00:00,461,29.21,55.88,947.59,561.62,,,,
2025-12-02T06:56:09+00:00,462,29.21,56.18,947.62,561.36,,,,
2025-12-02T06:57:08+00:00,463,29.20,55.72,947.67,560.90,,,,
2025-12-02T06:58:08+00:00,464,29.20,56.10,947.71,560.57,,,,
2025-12-02T06:59:08+00:00,465,29.20,55.91,947.75,560.20,,,,
2025-12-02T07:00:08+00:00,466,29.18,56.27,947.77,560.03,,,,
2025-12-02T07:01:11+00:00,467,29.18,56.15,947.80,559.75,,,,
2025-12-02T07:02:08+00:00,468,29.17,56.26,947.78,559.91,,,,
2025-12-02T07:03:08+00:00,469,29.18,56.21,947.78,559.90,,,,
2025-12-02T07:04:08+00:00,470,29.18,55.79,947.78,559.88,,,,
2025-12-02T07:05:08+00:00,471,29.20,55.65,947.77,559.98,,,,
2025-12-02T07:06:08+00:00,472,29.19,56.04,947.78,559.96,,,,
2025-12-02T07:07:08+00:00,473,29.21,55.81,947.79,559.82,,,,
2025-12-02T07:08:08+00:00,474,29.21,55.81,947.80,559.73,,,,
2025-12-02T07:09:08+00:00,475,29.19,56.13,947.79,559.83,,,,
2025-12-02T07:10:08+00:00,476,29.18,55.75,947.78,559.95,,,,
2025-12-02T07:11:08+00:00,477,29.18,56.01,947.77,560.02,,,,
2025-12-02T07:12:08+00:00,478,29.19,55.88,947.78,559.97,,,,
2025-12-02T07:13:08+00:00,479,29.20,55.82,947.76,560.11,,,,
2025-12-02T07:14:08+00:00,480,29.20,55.70,947.76,560.11,,,,
2025-12-02T07:15:08+00:00,481,29.18,55.87,947.72,560.47,,,,
2025-12-02T07:16:09+00:00,482,29.20,55.89,947.70,560.66,,,,
2025-12-02T07:17:09+00:00,483,29.19,55.74,947.66,560.95,,,,
2025-12-02T07:18:10+00:00,484,29.19,55.60,947.66,560.94,,,,
2025-12-02T07:19:09+00:00,485,29.18,55.74,947.66,561.02,,,,
2025-12-02T07:20:11+00:00,486,29.19,55.61,947.70,560.67,,,,
2025-12-02T07:21:09+00:00,487,29.17,55.67,947.72,560.43,,,,
2025-12-02T07:22:09+00:00,488,29.16,55.67,947.74,560.24,,,,
2025-12-02T07:23:09+00:00,489,29.18,55.69,947.75,560.19,,,,
2025-12-02T07:24:09+00:00,490,29.16,55.95,947.78,559.96,,,,
2025-12-02T07:25:09+00:00,491,29.17,55.85,947.78,559.96,,,,
2025-12-02T07:26:09+00:00,492,29.17,55.54,947.79,559.80,,,,
2025-12-02T07:27:09+00:00,493,29.18,55.58,947.81,559.70,,,,
2025-12-02T07:28:09+00:00,494,29.19,55.57,947.83,559.52,,,,
2025-12-02T07:29:09+00:00,495,29.19,55.56,947.82,559.57,,,,
2025-12-02T07:30:12+00:00,496,29.19,55.77,947.82,559.56,,,,
2025-12-02T07:31:09+00:00,497,29.20,55.55,947.80,559.73,,,,
2025-12-02T07:32:09+00:00,498,29.17,55.87,947.80,559.74,,,,
2025-12-02T07:33:09+00:00,499,29.16,55.85,947.80,559.77,,,,
2025-12-02T07:34:09+00:00,500,29.17,55.65,947.79,559.87,,,,
2025-12-02T07:35:09+00:00,501,29.16,55.54,947.78,559.90,,,,
2025-12-02T07:36:12+00:00,502,29.16,55.47,947.79,559.84,,,,
2025-12-02T07:37:12+00:00,503,29.18,55.58,947.78,559.95,,,,
2025-12-02T07:38:10+00:00,504,29.16,55.50,947.76,560.11,,,,
2025-12-02T07:39:10+00:00,505,29.18,55.49,947.75,560.23,,,,
2025-12-02T07:40:10+00:00,506,29.15,55.60,947.72,560.47,,,,
2025-12-02T07:41:12+00:00,507,29.18,55.74,947.73,560.33,,,,
2025-12-02T07:42:10+00:00,508,29.16,55.60,947.73,560.32,,,,
2025-12-02T07:43:10+00:00,509,29.15,55.57,947.74,560.27,,,,
2025-12-02T07:44:10+00:00,510,29.15,55.61,947.77,559.98,,,,
2025-12-02T07:45:10+00:00,511,29.15,55.49,947.79,559.81,,,,
2025-12-02T07:46:10+00:00,512,29.17,55.55,947.82,559.55,,,,
2025-12-02T07:47:10+00:00,513,29.15,55.50,947.85,559.31,,,,
2025-12-02T07:48:10+00:00,514,29.17,55.53,947.88,559.05,,,,
2025-12-02T07:49:13+00:00,515,29.17,55.64,947.89,558.92,,,,
2025-12-02T07:50:13+00:00,516,29.15,55.78,947.93,558.58,,,,
2025-12-02T07:51:10+00:00,517,29.13,55.79,947.97,558.23,,,,
2025-12-02T07:52:10+00:00,518,29.12,55.90,947.97,558.23,,,,
2025-12-02T07:53:10+00:00,519,29.12,55.82,947.99,558.04,,,,
2025-12-02T07:54:10+00:00,520,29.12,55.92,948.00,558.01,,,,
2025-12-02T07:55:10+00:00,521,29.12,55.84,948.02,557.79,,,,
2025-12-02T07:56:10+00:00,522,29.10,56.03,948.07,557.36,,,,
2025-12-02T07:57:10+00:00,523,29.12,55.92,948.11,557.02,,,,
2025-12-02T07:58:11+00:00,524,29.12,55.91,948.20,556.20,,,,
2025-12-02T07:59:11+00:00,525,29.11,55.68,948.27,555.61,,,,
2025-12-02T08:00:11+00:00,526,29.12,55.92,948.31,555.27,,,,
2025-12-02T08:01:11+00:00,527,29.09,55.93,948.36,554.80,,,,
2025-12-02T08:02:12+00:00,528,29.09,55.98,948.43,554.22,,,,
2025-12-02T08:03:11+00:00,529,29.06,56.18,948.50,553.60,,,,
2025-12-02T08:04:11+00:00,530,29.00,56.40,948.56,553.03,,,,
2025-12-02T08:05:11+00:00,531,28.95,56.59,948.63,552.41,,,,
2025-12-02T08:06:11+00:00,532,28.95,56.82,948.65,552.26,,,,
2025-12-02T08:07:11+00:00,533,28.93,56.96,948.70,551.82,,,,
2025-12-02T08:08:11+00:00,534,28.90,57.25,948.75,551.37,,,,
2025-12-02T08:09:11+00:00,535,28.86,57.25,948.79,551.06,,,,
2025-12-02T08:10:13+00:00,536,28.87,57.35,948.77,551.23,,,,
2025-12-02T08:11:11+00:00,537,28.84,57.51,948.71,551.73,,,,
2025-12-02T08:12:11+00:00,538,28.82,57.53,948.65,552.32,,,,
2025-12-02T08:13:11+00:00,539,28.84,57.63,948.56,553.10,,,,
2025-12-02T08:14:11+00:00,540,28.89,57.50,948.51,553.55,,,,
2025-12-02T08:15:11+00:00,541,28.92,57.34,948.46,553.96,,,,
2025-12-02T08:16:11+00:00,542,28.97,57.17,948.47,553.85,,,,
2025-12-02T08:17:11+00:00,543,29.00,57.02,948.47,553.86,,,,
2025-12-02T08:18:11+00:00,544,29.01,56.96,948.48,553.74,,,,
2025-12-02T08:19:11+00:00,545,29.02,56.99,948.55,553.17,,,,
2025-12-02T08:20:11+00:00,546,29.02,57.00,948.63,552.42,,,,
2025-12-02T08:21:11+00:00,547,29.04,57.04,948.69,551.90,,,,
2025-12-02T08:22:11+00:00,548,29.03,57.03,948.70,551.81,,,,
2025-12-02T08:23:12+00:00,549,29.01,57.09,948.68,552.01,,,,
2025-12-02T08:24:11+00:00,550,29.02,57.16,948.65,552.31,,,,
2025-12-02T08:25:12+00:00,551,28.99,57.26,948.60,552.71,,,,
2025-12-02T08:26:12+00:00,552,28.99,57.33,948.55,553.18,,,,
2025-12-02T08:27:12+00:00,553,29.01,57.22,948.40,554.51,,,,
2025-12-02T08:28:12+00:00,554,28.99,57.75,948.34,555.04,,,,
2025-12-02T08:29:12+00:00,555,29.04,57.59,948.28,555.53,,,,
2025-12-02T08:30:12+00:00,556,29.05,57.93,948.24,555.89,,,,
2025-12-02T08:31:14+00:00,557,29.11,57.79,948.21,556.14,,,,
2025-12-02T08:32:12+00:00,558,29.12,57.75,948.20,556.23,,,,
2025-12-02T08:33:12+00:00,559,29.13,57.72,948.17,556.47,,,,
2025-12-02T08:34:12+00:00,560,29.13,57.67,948.19,556.35,,,,
2025-12-02T08:35:12+00:00,561,29.15,58.00,948.21,556.10,,,,
2025-12-02T08:36:12+00:00,562,29.14,57.72,948.29,555.48,,,,
2025-12-02T08:37:12+00:00,563,29.13,57.79,948.32,555.15,,,,
2025-12-02T08:38:12+00:00,564,29.13,57.76,948.33,555.09,,,,
2025-12-02T08:39:12+00:00,565,29.11,57.86,948.36,554.84,,,,
2025-12-02T08:40:13+00:00,566,29.09,57.86,948.38,554.67,,,,
2025-12-02T08:41:12+00:00,567,29.07,57.84,948.40,554.48,,,,
2025-12-02T08:42:12+00:00,568,29.09,57.75,948.41,554.35,,,,
2025-12-02T08:43:13+00:00,569,29.10,57.71,948.45,554.02,,,,
2025-12-02T08:44:12+00:00,570,29.13,57.84,948.50,553.60,,,,
2025-12-02T08:45:13+00:00,571,29.04,58.13,948.52,553.39,,,,
2025-12-02T08:46:15+00:00,572,28.69,59.05,948.54,553.27,,,,
2025-12-02T08:47:13+00:00,573,28.36,60.14,948.55,553.17,,,,
2025-12-02T08:48:13+00:00,574,27.88,62.10,948.59,552.79,,,,
2025-12-02T08:49:13+00:00,575,27.78,62.08,948.57,552.98,,,,
2025-12-02T08:50:13+00:00,576,27.70,61.88,948.55,553.13,,,,
2025-12-02T08:51:13+00:00,577,27.75,61.43,948.56,553.05,,,,
2025-12-02T08:52:13+00:00,578,27.92,61.42,948.54,553.23,,,,
2025-12-02T08:53:13+00:00,579,28.16,60.90,948.51,553.52,,,,
2025-12-02T08:54:13+00:00,580,28.30,60.64,948.48,553.73,,,,
2025-12-02T08:55:13+00:00,581,28.40,60.53,948.50,553.57,,,,
2025-12-02T08:56:15+00:00,582,28.46,60.45,948.49,553.67,,,,
2025-12-02T08:57:13+00:00,583,28.57,60.28,948.49,553.66,,,,
2025-12-02T08:58:13+00:00,584,28.61,60.16,948.48,553.78,,,,
2025-12-02T08:59:13+00:00,585,28.65,60.44,948.47,553.82,,,,
2025-12-02T09:00:13+00:00,586,28.65,60.10,948.47,553.85,,,,
2025-12-02T09:01:16+00:00,587,28.58,60.17,948.49,553.72,,,,
2025-12-02T09:02:13+00:00,588,28.61,60.10,948.49,553.71,,,,
2025-12-02T09:03:13+00:00,589,28.64,60.09,948.51,553.51,,,,
2025-12-02T09:04:15+00:00,590,28.67,59.95,948.48,553.74,,,,
2025-12-02T09:05:13+00:00,591,28.63,60.01,948.50,553.61,,,,
2025-12-02T09:06:13+00:00,592,28.68,59.97,948.51,553.54,,,,
2025-12-02T09:07:16+00:00,593,28.71,59.86,948.51,553.50,,,,
2025-12-02T09:08:14+00:00,594,28.76,59.80,948.54,553.26,,,,
2025-12-02T09:09:13+00:00,595,28.78,59.72,948.57,552.99,,,,
2025-12-02T09:10:14+00:00,596,28.72,59.76,948.56,553.07,,,,
2025-12-02T09:11:14+00:00,597,28.56,60.27,948.55,553.16,,,,
2025-12-02T09:12:14+00:00,598,28.43,60.63,948.53,553.30,,,,
2025-12-02T09:13:15+00:00,599,28.38,60.70,948.49,553.68,,,,
2025-12-02T09:14:16+00:00,600,28.40,60.65,948.48,553.75,,,,
2025-12-02T09:15:14+00:00,601,28.39,60.64,948.46,553.96,,,,
2025-12-02T09:16:14+00:00,602,28.44,60.73,948.45,554.04,,,,
2025-12-02T09:17:16+00:00,603,28.44,60.75,948.47,553.89,,,,
2025-12-02T09:18:14+00:00,604,28.43,60.63,948.46,553.99,,,,
2025-12-02T09:19:14+00:00,605,28.40,61.09,948.43,554.24,,,,
2025-12-02T09:20:14+00:00,606,28.46,60.70,948.41,554.36,,,,
2025-12-02T09:21:14+00:00,607,28.45,60.74,948.40,554.44,,,,
2025-12-02T09:22:14+00:00,608,28.44,60.76,948.40,554.50,,,,
2025-12-02T09:23:17+00:00,609,28.40,60.85,948.45,554.08,,,,
2025-12-02T09:24:14+00:00,610,28.47,60.53,948.48,553.78,,,,
2025-12-02T09:25:14+00:00,611,28.40,60.72,948.53,553.34,,,,
2025-12-02T09:26:15+00:00,612,28.36,60.93,948.56,553.10,,,,
2025-12-02T09:27:14+00:00,613,28.34,61.32,948.59,552.83,,,,
2025-12-02T09:28:14+00:00,614,28.38,61.19,948.61,552.66,,,,
2025-12-02T09:29:15+00:00,615,28.35,61.30,948.61,552.67,,,,
2025-12-02T09:30:15+00:00,616,28.25,61.36,948.63,552.43,,,,
2025-12-02T09:31:15+00:00,617,28.29,61.41,948.65,552.32,,,,
2025-12-02T09:32:15+00:00,618,28.22,61.51,948.68,552.04,,,,
2025-12-02T09:33:15+00:00,619,28.27,61.57,948.72,551.65,,,,
2025-12-02T09:34:15+00:00,620,28.35,61.13,948.73,551.62,,,,
2025-12-02T09:35:15+00:00,621,28.41,61.09,948.71,551.79,,,,
2025-12-02T09:36:18+00:00,622,28.42,60.99,948.67,552.11,,,,
2025-12-02T09:37:15+00:00,623,28.46,61.01,948.65,552.30,,,,
2025-12-02T09:38:15+00:00,624,28.45,60.96,948.64,552.33,,,,
2025-12-02T09:39:15+00:00,625,28.43,60.87,948.63,552.49,,,,
2025-12-02T09:40:15+00:00,626,28.40,60.97,948.60,552.72,,,,
2025-12-02T09:41:15+00:00,627,28.37,60.85,948.60,552.69,,,,
2025-12-02T09:42:15+00:00,628,28.32,61.01,948.67,552.07,,,,
2025-12-02T09:43:15+00:00,629,28.32,60.99,948.68,551.98,,,,
2025-12-02T09:44:15+00:00,630,28.35,61.01,948.69,551.91,,,,
2025-12-02T09:45:15+00:00,631,28.30,60.97,948.72,551.69,,,,
2025-12-02T09:46:15+00:00,632,28.35,60.81,948.68,552.01,,,,
2025-12-02T09:47:15+00:00,633,28.35,60.74,948.67,552.09,,,,
2025-12-02T09:48:15+00:00,634,28.37,60.67,948.65,552.26,,,,
2025-12-02T09:49:15+00:00,635,28.38,60.69,948.58,552.87,,,,
2025-12-02T09:50:18+00:00,636,28.34,60.82,948.56,553.06,,,,
2025-12-02T09:51:18+00:00,637,28.32,60.79,948.56,553.09,,,,
2025-12-02T09:52:17+00:00,638,28.29,60.74,948.62,552.54,,,,
2025-12-02T09:53:16+00:00,639,28.32,60.67,948.66,552.19,,,,
2025-12-02T09:54:16+00:00,640,28.27,60.65,948.76,551.33,,,,
2025-12-02T09:55:16+00:00,641,28.17,60.95,948.79,551.04,,,,
2025-12-02T09:56:16+00:00,642,28.03,61.38,948.80,550.95,,,,
2025-12-02T09:57:17+00:00,643,28.00,61.52,948.77,551.26,,,,
2025-12-02T09:58:16+00:00,644,28.03,61.43,948.75,551.43,,,,
2025-12-02T09:59:18+00:00,645,28.09,61.37,948.68,551.99,,,,
2025-12-02T10:00:16+00:00,646,28.21,61.06,948.66,552.23,,,,
2025-12-02T10:01:16+00:00,647,28.27,60.86,948.66,552.22,,,,
2025-12-02T10:02:16+00:00,648,28.29,60.74,948.70,551.86,,,,
2025-12-02T10:03:16+00:00,649,28.31,60.51,948.71,551.74,,,,
2025-12-02T10:04:16+00:00,650,28.34,60.45,948.75,551.40,,,,
2025-12-02T10:05:16+00:00,651,28.36,60.32,948.75,551.43,,,,
2025-12-02T10:06:18+00:00,652,28.38,60.34,948.71,551.74,,,,
2025-12-02T10:07:18+00:00,653,28.33,60.33,948.71,551.75,,,,
2025-12-02T10:08:16+00:00,654,28.36,60.25,948.73,551.57,,,,
2025-12-02T10:09:16+00:00,655,28.31,60.30,948.71,551.77,,,,
2025-12-02T10:10:19+00:00,656,28.34,60.10,948.70,551.85,,,,
2025-12-02T10:11:16+00:00,657,28.31,60.01,948.71,551.71,,,,
2025-12-02T10:12:17+00:00,658,28.25,59.97,948.68,551.99,,,,
2025-12-02T10:13:19+00:00,659,28.22,59.99,948.67,552.09,,,,
2025-12-02T10:14:17+00:00,660,28.26,59.78,948.67,552.10,,,,
2025-12-02T10:15:17+00:00,661,28.21,59.90,948.66,552.17,,,,
2025-12-02T10:16:17+00:00,662,28.23,59.73,948.65,552.24,,,,
2025-12-02T10:17:17+00:00,663,28.25,59.67,948.63,552.48,,,,
2025-12-02T10:18:17+00:00,664,28.23,59.62,948.61,552.63,,,,
2025-12-02T10:19:17+00:00,665,28.28,59.54,948.58,552.86,,,,
2025-12-02T10:20:17+00:00,666,28.29,59.39,948.52,553.45,,,,
2025-12-02T10:21:17+00:00,667,28.36,59.29,948.47,553.85,,,,
2025-12-02T10:22:17+00:00,668,28.31,59.38,948.46,553.95,,,,
2025-12-02T10:23:17+00:00,669,28.28,59.44,948.50,553.57,,,,
2025-12-02T10:24:17+00:00,670,28.32,59.48,948.54,553.24,,,,
2025-12-02T10:25:17+00:00,671,28.33,59.49,948.58,552.93,,,,
2025-12-02T10:26:17+00:00,672,28.29,59.66,948.63,552.49,,,,
2025-12-02T10:27:17+00:00,673,28.30,59.68,948.64,552.35,,,,
2025-12-02T10:28:17+00:00,674,28.33,59.68,948.63,552.48,,,,
2025-12-02T10:29:17+00:00,675,28.33,59.71,948.62,552.54,,,,
2025-12-02T10:30:20+00:00,676,28.23,59.90,948.60,552.75,,,,
2025-12-02T10:31:17+00:00,677,28.31,59.74,948.63,552.49,,,,
2025-12-02T10:32:17+00:00,678,28.31,59.71,948.59,552.79,,,,
2025-12-02T10:33:20+00:00,679,28.26,59.60,948.60,552.74,,,,
2025-12-02T10:34:20+00:00,680,28.30,59.60,948.59,552.80,,,,
2025-12-02T10:35:17+00:00,681,28.33,59.61,948.55,553.16,,,,
2025-12-02T10:36:17+00:00,682,28.31,59.73,948.57,553.02,,,,
2025-12-02T10:37:18+00:00,683,28.32,59.62,948.55,553.18,,,,
2025-12-02T10:38:18+00:00,684,28.36,59.82,948.61,552.63,,,,
2025-12-02T10:39:18+00:00,685,28.40,60.04,948.60,552.68,,,,
2025-12-02T10:40:21+00:00,686,28.43,59.87,948.64,552.34,,,,
2025-12-02T10:41:18+00:00,687,28.39,59.75,948.64,552.36,,,,
2025-12-02T10:42:18+00:00,688,28.39,59.75,948.63,552.44,,,,
2025-12-02T10:43:19+00:00,689,28.41,59.78,948.60,552.68,,,,
2025-12-02T10:44:18+00:00,690,28.41,59.82,948.60,552.74,,,,
2025-12-02T10:45:18+00:00,691,28.45,59.97,948.62,552.50,,,,
2025-12-02T10:46:18+00:00,692,28.51,59.82,948.62,552.57,,,,
2025-12-02T10:47:18+00:00,693,28.48,59.58,948.59,552.77,,,,
2025-12-02T10:48:18+00:00,694,28.49,59.74,948.60,552.75,,,,
2025-12-02T10:49:18+00:00,695,28.52,59.77,948.58,552.86,,,,
2025-12-02T10:50:18+00:00,696,28.56,59.60,948.56,553.11,,,,
2025-12-02T10:51:18+00:00,697,28.55,59.61,948.55,553.18,,,,
2025-12-02T10:52:18+00:00,698,28.52,59.61,948.53,553.29,,,,
2025-12-02T10:53:18+00:00,699,28.51,59.61,948.55,553.19,,,,
2025-12-02T10:54:18+00:00,700,28.55,59.54,948.54,553.22,,,,
2025-12-02T10:55:18+00:00,701,28.53,59.25,948.54,553.23,,,,
2025-12-02T10:56:18+00:00,702,28.52,59.41,948.53,553.34,,,,
2025-12-02T10:57:18+00:00,703,28.48,59.65,948.56,553.11,,,,
2025-12-02T10:58:18+00:00,704,28.49,59.24,948.54,553.28,,,,
2025-12-02T10:59:18+00:00,705,28.52,59.38,948.56,553.10,,,,
2025-12-02T11:00:18+00:00,706,28.51,59.70,948.53,553.35,,,,
2025-12-02T11:01:18+00:00,707,28.54,59.40,948.55,553.14,,,,
2025-12-02T11:02:18+00:00,708,28.58,59.42,948.57,552.98,,,,
2025-12-02T11:03:18+00:00,709,28.63,59.25,948.56,553.05,,,,
2025-12-02T11:04:18+00:00,710,28.64,59.11,948.57,553.02,,,,
2025-12-02T11:05:19+00:00,711,28.68,59.00,948.53,553.37,,,,
2025-12-02T11:06:18+00:00,712,28.67,58.98,948.56,553.08,,,,
2025-12-02T11:07:18+00:00,713,28.68,58.92,948.58,552.90,,,,
2025-12-02T11:08:19+00:00,714,28.69,58.71,948.56,553.10,,,,
2025-12-02T11:09:20+00:00,715,28.70,58.48,948.55,553.16,,,,
2025-12-02T11:10:20+00:00,716,28.68,58.53,948.55,553.18,,,,
2025-12-02T11:11:19+00:00,717,28.68,58.72,948.55,553.20,,,,
2025-12-02T11:12:19+00:00,718,28.68,58.70,948.51,553.48,,,,
2025-12-02T11:13:19+00:00,719,28.69,58.53,948.51,553.54,,,,
2025-12-02T11:14:19+00:00,720,28.69,58.31,948.55,553.18,,,,
2025-12-02T11:15:19+00:00,721,28.69,58.91,948.57,552.98,,,,
2025-12-02T11:16:19+00:00,722,28.68,59.04,948.57,552.95,,,,
2025-12-02T11:17:19+00:00,723,28.66,59.01,948.58,552.93,,,,
2025-12-02T11:18:19+00:00,724,28.65,58.76,948.60,552.73,,,,
2025-12-02T11:19:19+00:00,725,28.67,58.76,948.62,552.55,,,,
2025-12-02T11:20:19+00:00,726,28.67,58.57,948.64,552.39,,,,
2025-12-02T11:21:22+00:00,727,28.68,58.54,948.64,552.33,,,,
2025-12-02T11:22:19+00:00,728,28.68,58.39,948.61,552.60,,,,
2025-12-02T11:23:19+00:00,729,28.69,58.45,948.62,552.57,,,,
2025-12-02T11:24:19+00:00,730,28.70,58.33,948.62,552.59,,,,
2025-12-02T11:25:19+00:00,731,28.72,58.07,948.59,552.82,,,,
2025-12-02T11:26:19+00:00,732,28.72,58.08,948.57,552.97,,,,
2025-12-02T11:27:19+00:00,733,28.74,58.14,948.55,553.14,,,,
2025-12-02T11:28:19+00:00,734,28.75,57.98,948.54,553.24,,,,
2025-12-02T11:29:19+00:00,735,28.74,57.89,948.57,553.01,,,,
2025-12-02T11:30:22+00:00,736,28.75,57.73,948.56,553.04,,,,
2025-12-02T11:31:20+00:00,737,28.74,57.71,948.54,553.26,,,,
2025-12-02T11:32:20+00:00,738,28.73,57.61,948.55,553.18,,,,
2025-12-02T11:33:20+00:00,739,28.74,57.63,948.55,553.16,,,,
2025-12-02T11:34:20+00:00,740,28.72,57.51,948.57,553.02,,,,
2025-12-02T11:35:20+00:00,741,28.73,57.52,948.58,552.92,,,,
2025-12-02T11:36:20+00:00,742,28.74,57.54,948.58,552.91,,,,
2025-12-02T11:37:20+00:00,743,28.72,57.51,948.57,552.98,,,,
2025-12-02T11:38:20+00:00,744,28.72,57.39,948.55,553.12,,,,
2025-12-02T11:39:20+00:00,745,28.75,57.36,948.56,553.05,,,,
2025-12-02T11:40:20+00:00,746,28.74,57.35,948.58,552.93,,,,
2025-12-02T11:41:20+00:00,747,28.76,57.26,948.58,552.91,,,,
2025-12-02T11:42:20+00:00,748,28.75,57.19,948.59,552.78,,,,
2025-12-02T11:43:20+00:00,749,28.74,57.27,948.58,552.91,,,,
2025-12-02T11:44:20+00:00,750,28.76,57.23,948.55,553.12,,,,
2025-12-02T11:45:20+00:00,751,28.75,57.40,948.54,553.23,,,,
2025-12-02T11:46:20+00:00,752,28.74,57.17,948.52,553.39,,,,
2025-12-02T11:47:20+00:00,753,28.76,57.23,948.56,553.04,,,,
2025-12-02T11:48:20+00:00,754,28.75,57.16,948.57,553.00,,,,
2025-12-02T11:49:20+00:00,755,28.76,57.14,948.59,552.82,,,,
2025-12-02T11:50:20+00:00,756,28.77,57.02,948.59,552.77,,,,
2025-12-02T11:51:20+00:00,757,28.77,57.00,948.60,552.74,,,,
2025-12-02T11:52:20+00:00,758,28.78,57.07,948.59,552.82,,,,
2025-12-02T11:53:28+00:00,759,28.80,57.05,948.57,552.96,,,,
2025-12-02T11:54:20+00:00,760,28.81,56.89,948.56,553.06,,,,
2025-12-02T11:55:21+00:00,761,28.78,56.82,948.54,553.27,,,,
2025-12-02T11:56:21+00:00,762,28.80,56.91,948.54,553.28,,,,
2025-12-02T11:57:21+00:00,763,28.77,56.94,948.56,553.08,,,,
2025-12-02T11:58:22+00:00,764,28.78,56.93,948.56,553.08,,,,
2025-12-02T11:59:23+00:00,765,28.78,56.86,948.56,553.05,,,,
2025-12-02T12:00:21+00:00,766,28.74,56.45,948.53,553.36,,,,
2025-12-02T12:01:21+00:00,767,28.73,56.69,948.52,553.40,,,,
2025-12-02T12:02:21+00:00,768,28.74,56.77,948.50,553.63,,,,
2025-12-02T12:03:21+00:00,769,28.76,56.77,948.51,553.53,,,,
2025-12-02T12:04:21+00:00,770,28.76,56.77,948.51,553.51,,,,
2025-12-02T12:05:21+00:00,771,28.78,56.67,948.54,553.22,,,,
2025-12-02T12:06:21+00:00,772,28.82,56.65,948.56,553.08,,,,
2025-12-02T12:07:21+00:00,773,28.84,56.59,948.57,552.98,,,,
2025-12-02T12:08:21+00:00,774,28.83,56.61,948.54,553.22,,,,
2025-12-02T12:09:21+00:00,775,28.83,56.71,948.56,553.11,,,,
2025-12-02T12:10:26+00:00,776,28.82,56.71,948.55,553.19,,,,
2025-12-02T12:11:21+00:00,777,28.82,56.73,948.55,553.17,,,,
2025-12-02T12:12:23+00:00,778,28.81,56.75,948.52,553.39,,,,
2025-12-02T12:13:21+00:00,779,28.81,56.78,948.54,553.26,,,,
2025-12-02T12:14:21+00:00,780,28.81,56.76,948.55,553.16,,,,
2025-12-02T12:15:24+00:00,781,28.82,56.76,948.54,553.23,,,,
2025-12-02T12:16:22+00:00,782,28.82,56.81,948.55,553.16,,,,
2025-12-02T12:17:21+00:00,783,28.84,56.72,948.54,553.25,,,,
2025-12-02T12:18:24+00:00,784,28.84,57.04,948.55,553.18,,,,
2025-12-02T12:19:22+00:00,785,28.88,57.06,948.53,553.33,,,,
2025-12-02T12:20:22+00:00,786,28.88,56.84,948.51,553.52,,,,
2025-12-02T12:21:22+00:00,787,28.90,56.89,948.49,553.66,,,,
2025-12-02T12:22:22+00:00,788,28.88,56.79,948.52,553.41,,,,
2025-12-02T12:23:22+00:00,789,28.88,57.05,948.51,553.52,,,,
2025-12-02T12:24:22+00:00,790,28.89,56.87,948.51,553.53,,,,
2025-12-02T12:25:22+00:00,791,28.94,56.80,948.51,553.53,,,,
2025-12-02T12:26:22+00:00,792,28.94,56.77,948.49,553.67,,,,
2025-12-02T12:27:22+00:00,793,28.94,56.70,948.49,553.68,,,,
2025-12-02T12:28:24+00:00,794,28.96,56.74,948.48,553.73,,,,
2025-12-02T12:29:22+00:00,795,28.93,56.64,948.48,553.77,,,,
2025-12-02T12:30:22+00:00,796,28.91,56.60,948.47,553.88,,,,
2025-12-02T12:31:25+00:00,797,28.94,56.77,948.45,554.03,,,,
2025-12-02T12:32:22+00:00,798,28.95,56.66,948.42,554.28,,,,
2025-12-02T12:33:25+00:00,799,28.99,56.68,948.39,554.60,,,,
2025-12-02T12:34:22+00:00,800,28.99,56.60,948.38,554.64,,,,
2025-12-02T12:35:22+00:00,801,28.99,56.65,948.35,554.90,,,,
2025-12-02T12:36:24+00:00,802,29.01,56.82,948.34,554.99,,,,
2025-12-02T12:37:22+00:00,803,29.02,56.72,948.31,555.23,,,,
2025-12-02T12:38:25+00:00,804,29.02,56.63,948.27,555.62,,,,
2025-12-02T12:39:23+00:00,805,29.02,56.66,948.24,555.90,,,,
2025-12-02T12:40:23+00:00,806,29.02,56.56,948.19,556.29,,,,
2025-12-02T12:41:23+00:00,807,29.00,56.60,948.21,556.12,,,,
2025-12-02T12:42:23+00:00,808,29.03,56.54,948.21,556.13,,,,
2025-12-02T12:43:23+00:00,809,29.04,56.47,948.23,555.99,,,,
2025-12-02T12:44:23+00:00,810,29.04,56.91,948.23,555.99,,,,
2025-12-02T12:45:23+00:00,811,29.03,57.04,948.21,556.13,,,,
2025-12-02T12:46:26+00:00,812,29.02,57.13,948.21,556.11,,,,
2025-12-02T12:47:23+00:00,813,29.02,57.01,948.22,556.07,,,,
2025-12-02T12:48:23+00:00,814,29.01,56.99,948.23,556.00,,,,
2025-12-02T12:49:23+00:00,815,28.98,57.04,948.22,556.03,,,,
2025-12-02T12:50:26+00:00,816,29.00,57.06,948.21,556.11,,,,
2025-12-02T12:51:23+00:00,817,29.00,57.13,948.20,556.28,,,,
2025-12-02T12:52:23+00:00,818,29.00,57.04,948.20,556.28,,,,
2025-12-02T12:53:23+00:00,819,29.02,57.13,948.20,556.25,,,,
2025-12-02T12:54:23+00:00,820,28.99,57.04,948.20,556.27,,,,
2025-12-02T12:55:23+00:00,821,28.98,57.10,948.20,556.27,,,,
2025-12-02T12:56:23+00:00,822,28.96,57.28,948.17,556.51,,,,
2025-12-02T12:57:26+00:00,823,28.95,57.36,948.16,556.60,,,,
2025-12-02T12:58:24+00:00,824,28.96,57.24,948.14,556.79,,,,
2025-12-02T12:59:23+00:00,825,28.97,57.25,948.13,556.89,,,,
2025-12-02T13:00:23+00:00,826,28.97,57.28,948.13,556.86,,,,
2025-12-02T13:01:24+00:00,827,28.98,57.63,948.13,556.83,,,,
2025-12-02T13:02:24+00:00,828,28.98,57.72,948.14,556.73,,,,
2025-12-02T13:03:24+00:00,829,28.99,57.77,948.17,556.53,,,,
2025-12-02T13:04:24+00:00,830,28.99,57.79,948.17,556.47,,,,
2025-12-02T13:05:24+00:00,831,28.98,57.89,948.19,556.29,,,,
2025-12-02T13:06:24+00:00,832,28.96,58.13,948.19,556.28,,,,
2025-12-02T13:07:24+00:00,833,28.96,58.33,948.19,556.35,,,,
2025-12-02T13:08:24+00:00,834,28.97,58.23,948.19,556.36,,,,
2025-12-02T13:09:24+00:00,835,28.99,58.14,948.17,556.53,,,,
2025-12-02T13:10:24+00:00,836,29.02,57.89,948.15,556.68,,,,
2025-12-02T13:11:24+00:00,837,29.04,57.74,948.17,556.50,,,,
2025-12-02T13:12:24+00:00,838,29.04,57.64,948.18,556.43,,,,
2025-12-02T13:13:24+00:00,839,29.04,57.79,948.18,556.44,,,,
2025-12-02T13:14:24+00:00,840,29.02,58.01,948.15,556.63,,,,
2025-12-02T13:15:24+00:00,841,28.99,58.17,948.15,556.65,,,,
2025-12-02T13:16:24+00:00,842,28.99,58.17,948.14,556.74,,,,
2025-12-02T13:17:24+00:00,843,29.01,58.55,948.12,556.94,,,,
2025-12-02T13:18:24+00:00,844,29.01,58.41,948.10,557.12,,,,
2025-12-02T13:19:24+00:00,845,29.02,58.26,948.03,557.74,,,,
2025-12-02T13:20:24+00:00,846,29.03,58.19,948.01,557.87,,,,
2025-12-02T13:21:24+00:00,847,29.06,57.90,948.03,557.73,,,,
2025-12-02T13:22:27+00:00,848,29.06,58.13,948.04,557.67,,,,
2025-12-02T13:23:24+00:00,849,29.03,58.35,948.04,557.68,,,,
2025-12-02T13:24:25+00:00,850,29.06,58.30,948.03,557.70,,,,
2025-12-02T13:25:25+00:00,851,29.05,58.43,948.01,557.90,,,,
2025-12-02T13:26:25+00:00,852,29.03,58.53,948.00,558.02,,,,
2025-12-02T13:27:25+00:00,853,29.04,58.49,947.99,558.11,,,,
2025-12-02T13:28:25+00:00,854,29.03,58.64,948.00,558.03,,,,
2025-12-02T13:29:25+00:00,855,29.06,58.62,948.00,558.01,,,,
2025-12-02T13:30:25+00:00,856,29.07,58.75,947.98,558.13,,,,
2025-12-02T13:31:25+00:00,857,29.05,58.84,947.93,558.56,,,,
2025-12-02T13:32:25+00:00,858,29.04,58.86,947.93,558.60,,,,
2025-12-02T13:33:25+00:00,859,29.04,58.85,947.94,558.53,,,,
2025-12-02T13:34:25+00:00,860,29.05,58.92,947.96,558.36,,,,
2025-12-02T13:35:25+00:00,861,29.06,58.61,947.97,558.21,,,,
2025-12-02T13:36:25+00:00,862,29.08,58.21,947.97,558.26,,,,
2025-12-02T13:37:25+00:00,863,29.07,58.44,947.92,558.66,,,,
2025-12-02T13:38:28+00:00,864,29.05,58.21,947.88,559.01,,,,
2025-12-02T13:39:25+00:00,865,29.05,58.26,947.85,559.35,,,,
2025-12-02T13:40:25+00:00,866,29.03,58.19,947.83,559.51,,,,
2025-12-02T13:41:25+00:00,867,29.02,58.19,947.79,559.85,,,,
2025-12-02T13:42:27+00:00,868,29.02,58.34,947.74,560.24,,,,
2025-12-02T13:43:25+00:00,869,29.01,58.46,947.71,560.54,,,,
2025-12-02T13:44:25+00:00,870,29.01,58.46,947.69,560.74,,,,
2025-12-02T13:45:28+00:00,871,29.01,58.47,947.66,560.97,,,,
2025-12-02T13:46:25+00:00,872,28.99,58.46,947.63,561.28,,,,
2025-12-02T13:47:25+00:00,873,28.99,58.00,947.57,561.80,,,,
2025-12-02T13:48:26+00:00,874,29.02,58.01,947.53,562.08,,,,
2025-12-02T13:49:26+00:00,875,29.02,58.28,947.49,562.45,,,,
2025-12-02T13:50:26+00:00,876,29.04,58.01,947.47,562.61,,,,
2025-12-02T13:51:26+00:00,877,29.03,57.87,947.45,562.80,,,,
2025-12-02T13:52:26+00:00,878,29.02,57.81,947.44,562.91,,,,
2025-12-02T13:53:26+00:00,879,29.02,57.85,947.41,563.20,,,,
2025-12-02T13:54:26+00:00,880,29.06,57.80,947.40,563.30,,,,
2025-12-02T13:55:26+00:00,881,29.05,57.94,947.39,563.35,,,,
2025-12-02T13:56:26+00:00,882,29.05,57.80,947.37,563.49,,,,
2025-12-02T13:57:26+00:00,883,29.05,57.80,947.36,563.58,,,,
2025-12-02T13:58:26+00:00,884,29.06,57.94,947.35,563.69,,,,
2025-12-02T13:59:26+00:00,885,29.08,57.84,947.34,563.83,,,,
2025-12-02T14:00:26+00:00,886,29.08,57.98,947.32,563.98,,,,
2025-12-02T14:01:26+00:00,887,29.08,57.99,947.29,564.25,,,,
2025-12-02T14:02:26+00:00,888,29.11,57.99,947.26,564.47,,,,
2025-12-02T14:03:26+00:00,889,29.09,58.01,947.25,564.59,,,,
2025-12-02T14:04:26+00:00,890,29.08,58.06,947.23,564.79,,,,
2025-12-02T14:05:26+00:00,891,29.09,58.05,947.23,564.79,,,,
2025-12-02T14:06:26+00:00,892,29.12,57.97,947.23,564.76,,,,
2025-12-02T14:07:26+00:00,893,29.10,57.97,947.24,564.64,,,,
2025-12-02T14:08:26+00:00,894,29.10,58.01,947.24,564.69,,,,
2025-12-02T14:09:29+00:00,895,29.09,58.05,947.21,564.96,,,,
2025-12-02T14:10:31+00:00,896,29.13,57.97,947.19,565.13,,,,
2025-12-02T14:11:27+00:00,897,29.14,57.96,947.18,565.23,,,,
2025-12-02T14:12:27+00:00,898,29.11,57.80,947.18,565.23,,,,
2025-12-02T14:13:27+00:00,899,29.10,57.78,947.20,565.03,,,,
2025-12-02T14:14:27+00:00,900,29.13,57.80,947.18,565.16,,,,
2025-12-02T14:15:27+00:00,901,29.13,57.97,947.18,565.23,,,,
2025-12-02T14:16:27+00:00,902,29.15,57.83,947.20,565.01,,,,
2025-12-02T14:17:27+00:00,903,29.17,57.67,947.23,564.76,,,,
2025-12-02T14:18:27+00:00,904,29.17,57.52,947.24,564.68,,,,
2025-12-02T14:19:27+00:00,905,29.20,56.57,947.20,564.99,,,,
2025-12-02T14:20:27+00:00,906,29.20,55.79,947.24,564.70,,,,
2025-12-02T14:21:27+00:00,907,29.20,55.31,947.17,565.26,,,,
2025-12-02T14:22:27+00:00,908,29.20,55.44,947.18,565.16,,,,
2025-12-02T14:23:27+00:00,909,29.15,56.81,947.19,565.07,,,,
2025-12-02T14:24:27+00:00,910,29.16,56.60,947.23,564.80,,,,
2025-12-02T14:25:27+00:00,911,29.15,55.96,947.25,564.57,,,,
2025-12-02T14:26:27+00:00,912,29.16,56.07,947.25,564.60,,,,
2025-12-02T14:27:27+00:00,913,29.15,55.13,947.24,564.69,,,,
2025-12-02T14:28:27+00:00,914,29.17,55.13,947.25,564.56,,,,
2025-12-02T14:29:27+00:00,915,29.15,54.17,947.24,564.65,,,,
2025-12-02T14:30:28+00:00,916,29.15,55.97,947.19,565.08,,,,
2025-12-02T14:31:27+00:00,917,29.13,55.91,947.19,565.08,,,,
2025-12-02T14:32:28+00:00,918,29.11,55.66,947.20,565.00,,,,
2025-12-02T14:33:28+00:00,919,29.10,55.60,947.20,565.05,,,,
2025-12-02T14:34:28+00:00,920,29.09,56.11,947.21,564.97,,,,
2025-12-02T14:35:28+00:00,921,29.07,54.92,947.23,564.77,,,,
2025-12-02T14:36:28+00:00,922,29.08,55.85,947.19,565.07,,,,
2025-12-02T14:37:28+00:00,923,29.09,54.67,947.20,565.03,,,,
2025-12-02T14:38:28+00:00,924,29.07,55.05,947.22,564.88,,,,
2025-12-02T14:39:28+00:00,925,29.07,55.65,947.19,565.15,,,,
2025-12-02T14:40:31+00:00,926,29.07,55.24,947.21,564.97,,,,
2025-12-02T14:41:28+00:00,927,29.07,55.93,947.20,565.04,,,,
2025-12-02T14:42:28+00:00,928,29.04,55.90,947.18,565.16,,,,
2025-12-02T14:43:30+00:00,929,29.02,56.15,947.20,564.98,,,,
2025-12-02T14:44:28+00:00,930,29.02,56.09,947.24,564.71,,,,
2025-12-02T14:45:28+00:00,931,29.02,56.14,947.24,564.69,,,,
2025-12-02T14:46:37+00:00,932,29.02,56.37,947.24,564.67,,,,
2025-12-02T14:47:28+00:00,933,29.01,56.31,947.23,564.73,,,,
2025-12-02T14:48:28+00:00,934,29.00,56.51,947.23,564.76,,,,
2025-12-02T14:49:28+00:00,935,29.00,56.50,947.23,564.74,,,,
2025-12-02T14:51:29+00:00,936,28.97,56.72,947.25,564.59,,,,
2025-12-02T14:52:29+00:00,937,28.97,56.71,947.26,564.48,,,,
2025-12-02T14:53:29+00:00,938,28.97,56.64,947.25,564.62,,,,
2025-12-02T14:54:31+00:00,939,28.98,56.14,947.24,564.63,,,,
2025-12-02T14:55:29+00:00,940,28.98,56.52,947.27,564.38,,,,
2025-12-02T14:56:29+00:00,941,28.99,56.09,947.29,564.20,,,,
2025-12-02T14:57:29+00:00,942,28.98,56.60,947.30,564.17,,,,
2025-12-02T14:58:29+00:00,943,28.99,56.50,947.31,564.08,,,,
2025-12-02T14:59:29+00:00,944,28.99,56.44,947.31,564.09,,,,
2025-12-02T15:00:29+00:00,945,28.99,56.38,947.29,564.21,,,,
2025-12-02T15:01:29+00:00,946,28.98,56.37,947.28,564.35,,,,
2025-12-02T15:02:29+00:00,947,28.99,56.21,947.25,564.56,,,,
2025-12-02T15:03:32+00:00,948,28.96,56.34,947.22,564.88,,,,
2025-12-02T15:04:29+00:00,949,28.95,56.37,947.19,565.14,,,,
2025-12-02T15:05:29+00:00,950,28.95,56.30,947.16,565.38,,,,
2025-12-02T15:06:29+00:00,951,28.96,56.30,947.11,565.78,,,,
2025-12-02T15:07:29+00:00,952,28.95,56.46,947.09,565.96,,,,
2025-12-02T15:08:32+00:00,953,28.96,56.31,947.08,566.06,,,,
2025-12-02T15:09:29+00:00,954,28.98,56.42,947.07,566.19,,,,
2025-12-02T15:10:29+00:00,955,28.97,56.54,947.05,566.30,,,,
2025-12-02T15:11:29+00:00,956,28.98,56.50,947.07,566.20,,,,
2025-12-02T15:12:29+00:00,957,28.98,56.49,947.05,566.35,,,,
2025-12-02T15:13:29+00:00,958,28.98,56.43,947.04,566.39,,,,
2025-12-02T15:14:29+00:00,959,28.99,56.47,947.04,566.43,,,,
2025-12-02T15:15:30+00:00,960,28.99,56.49,947.04,566.47,,,,
2025-12-02T15:16:29+00:00,961,28.98,56.61,947.04,566.42,,,,
2025-12-02T15:17:29+00:00,962,28.99,56.59,947.02,566.64,,,,
2025-12-02T15:18:30+00:00,963,28.98,56.73,947.01,566.73,,,,
2025-12-02T15:19:30+00:00,964,28.99,56.77,947.00,566.78,,,,
2025-12-02T15:20:30+00:00,965,28.98,56.77,946.99,566.85,,,,
2025-12-02T15:21:30+00:00,966,28.99,56.80,946.99,566.90,,,,
2025-12-02T15:22:30+00:00,967,29.00,56.77,946.99,566.84,,,,
2025-12-02T15:23:30+00:00,968,29.01,56.85,946.98,566.96,,,,
2025-12-02T15:24:30+00:00,969,29.02,56.82,946.91,567.53,,,,
2025-12-02T15:25:30+00:00,970,29.02,56.80,946.91,567.62,,,,
2025-12-02T15:26:30+00:00,971,29.02,56.59,946.88,567.85,,,,
2025-12-02T15:27:30+00:00,972,28.99,56.61,946.86,567.98,,,,
2025-12-02T15:28:30+00:00,973,29.01,56.45,946.85,568.12,,,,
2025-12-02T15:29:30+00:00,974,29.01,56.54,946.82,568.35,,,,
2025-12-02T15:30:33+00:00,975,29.02,56.51,946.82,568.40,,,,
2025-12-02T15:31:30+00:00,976,29.00,56.51,946.79,568.58,,,,
2025-12-02T15:32:30+00:00,977,29.03,56.57,946.80,568.53,,,,
2025-12-02T15:33:30+00:00,978,29.04,56.43,946.79,568.65,,,,
2025-12-02T15:34:30+00:00,979,29.02,56.39,946.78,568.69,,,,
2025-12-02T15:35:30+00:00,980,29.03,56.32,946.77,568.81,,,,
2025-12-02T15:36:30+00:00,981,29.04,56.32,946.77,568.83,,,,
2025-12-02T15:37:30+00:00,982,29.06,56.38,946.76,568.90,,,,
2025-12-02T15:38:30+00:00,983,29.06,56.47,946.75,568.98,,,,
2025-12-02T15:39:30+00:00,984,29.07,56.55,946.73,569.14,,,,
2025-12-02T15:40:31+00:00,985,29.06,56.84,946.73,569.18,,,,
2025-12-02T15:41:31+00:00,986,29.07,56.92,946.73,569.13,,,,
2025-12-02T15:42:31+00:00,987,29.09,57.27,946.75,569.01,,,,
2025-12-02T15:43:31+00:00,988,29.06,57.33,946.75,568.98,,,,
2025-12-02T15:44:34+00:00,989,29.07,57.25,946.74,569.06,,,,
2025-12-02T15:45:31+00:00,990,29.09,57.43,946.76,568.92,,,,
2025-12-02T15:46:31+00:00,991,29.09,57.47,946.73,569.14,,,,
2025-12-02T15:47:31+00:00,992,29.11,57.33,946.71,569.35,,,,
2025-12-02T15:48:31+00:00,993,29.12,57.41,946.73,569.19,,,,
2025-12-02T15:49:31+00:00,994,29.13,57.26,946.72,569.25,,,,
2025-12-02T15:50:31+00:00,995,29.14,57.42,946.73,569.13,,,,
2025-12-02T15:51:31+00:00,996,29.11,57.39,946.76,568.91,,,,
2025-12-02T15:52:31+00:00,997,29.13,57.46,946.76,568.86,,,,
2025-12-02T15:53:31+00:00,998,29.14,57.31,946.76,568.86,,,,
2025-12-02T15:54:31+00:00,999,29.12,57.40,946.76,568.92,,,,
2025-12-02T15:55:31+00:00,1000,29.12,57.39,946.76,568.93,,,,
2025-12-02T15:56:31+00:00,1001,29.15,57.38,946.75,568.94,,,,
2025-12-02T15:57:31+00:00,1002,29.16,57.38,946.74,569.03,,,,
2025-12-02T15:58:31+00:00,1003,29.17,57.34,946.75,569.00,,,,
2025-12-02T15:59:31+00:00,1004,29.17,57.32,946.74,569.06,,,,
2025-12-02T16:00:32+00:00,1005,29.18,57.16,946.73,569.18,,,,
2025-12-02T16:02:32+00:00,1006,29.20,57.20,946.71,569.36,,,,
2025-12-02T16:03:32+00:00,1007,29.23,57.10,946.69,569.49,,,,
2025-12-02T16:04:32+00:00,1008,29.24,57.02,946.68,569.56,,,,
2025-12-02T16:05:32+00:00,1009,29.25,56.99,946.67,569.67,,,,
2025-12-02T16:06:32+00:00,1010,29.25,56.90,946.65,569.88,,,,
2025-12-02T16:07:32+00:00,1011,29.26,57.03,946.62,570.10,,,,
2025-12-02T16:08:32+00:00,1012,29.23,57.04,946.62,570.17,,,,
2025-12-02T16:09:32+00:00,1013,29.23,56.97,946.62,570.12,,,,
2025-12-02T16:10:32+00:00,1014,29.25,57.12,946.61,570.19,,,,
2025-12-02T16:11:32+00:00,1015,29.25,57.04,946.60,570.27,,,,
2025-12-02T16:12:32+00:00,1016,29.23,57.18,946.61,570.25,,,,
2025-12-02T16:13:32+00:00,1017,29.25,56.94,946.61,570.25,,,,
2025-12-02T16:14:32+00:00,1018,29.26,56.95,946.59,570.35,,,,
2025-12-02T16:15:32+00:00,1019,29.25,56.98,946.58,570.44,,,,
2025-12-02T16:16:32+00:00,1020,29.25,57.05,946.56,570.62,,,,
2025-12-02T16:17:32+00:00,1021,29.26,57.01,946.56,570.68,,,,
2025-12-02T16:18:32+00:00,1022,29.26,57.02,946.55,570.74,,,,
2025-12-02T16:19:32+00:00,1023,29.26,57.05,946.52,570.96,,,,
2025-12-02T16:20:32+00:00,1024,29.27,56.98,946.51,571.06,,,,
2025-12-02T16:21:32+00:00,1025,29.27,56.98,946.50,571.16,,,,
2025-12-02T16:22:32+00:00,1026,29.28,56.64,946.51,571.07,,,,
2025-12-02T16:23:32+00:00,1027,29.28,56.59,946.51,571.07,,,,
2025-12-02T16:24:32+00:00,1028,29.26,56.62,946.49,571.25,,,,
2025-12-02T16:25:33+00:00,1029,29.28,56.67,946.51,571.10,,,,
2025-12-02T16:26:33+00:00,1030,29.30,56.59,946.49,571.23,,,,
2025-12-02T16:27:33+00:00,1031,29.30,56.59,946.47,571.47,,,,
2025-12-02T16:28:33+00:00,1032,29.32,56.53,946.45,571.61,,,,
2025-12-02T16:29:33+00:00,1033,29.34,56.31,946.43,571.82,,,,
2025-12-02T16:30:33+00:00,1034,29.34,56.00,946.42,571.92,,,,
2025-12-02T16:31:33+00:00,1035,29.31,56.17,946.39,572.10,,,,
2025-12-02T16:32:33+00:00,1036,29.32,56.21,946.40,572.03,,,,
2025-12-02T16:33:33+00:00,1037,29.31,56.36,946.41,572.00,,,,
2025-12-02T16:34:33+00:00,1038,29.31,56.44,946.41,572.01,,,,
2025-12-02T16:35:33+00:00,1039,29.33,56.37,946.41,571.98,,,,
2025-12-02T16:36:35+00:00,1040,29.30,56.30,946.40,572.07,,,,
2025-12-02T16:37:36+00:00,1041,29.31,56.29,946.39,572.12,,,,
2025-12-02T16:38:33+00:00,1042,29.32,56.37,946.39,572.17,,,,
2025-12-02T16:39:33+00:00,1043,29.34,56.42,946.38,572.21,,,,
2025-12-02T16:40:33+00:00,1044,29.36,56.45,946.35,572.50,,,,
2025-12-02T16:41:33+00:00,1045,29.40,56.89,946.33,572.64,,,,
2025-12-02T16:42:33+00:00,1046,29.43,56.68,946.33,572.67,,,,
2025-12-02T16:43:35+00:00,1047,29.46,56.71,946.33,572.66,,,,
2025-12-02T16:44:33+00:00,1048,29.46,56.54,946.32,572.80,,,,
2025-12-02T16:45:33+00:00,1049,29.49,56.48,946.33,572.70,,,,
2025-12-02T16:46:33+00:00,1050,29.49,56.65,946.33,572.65,,,,
2025-12-02T16:47:33+00:00,1051,29.50,56.77,946.35,572.54,,,,
2025-12-02T16:48:33+00:00,1052,29.50,57.11,946.35,572.47,,,,
2025-12-02T16:49:33+00:00,1053,29.49,56.88,946.38,572.24,,,,
2025-12-02T16:50:33+00:00,1054,29.49,57.08,946.37,572.36,,,,
2025-12-02T16:51:33+00:00,1055,29.48,57.02,946.37,572.33,,,,
2025-12-02T16:52:33+00:00,1056,29.49,57.32,946.37,572.28,,,,
2025-12-02T16:53:33+00:00,1057,29.50,57.31,946.38,572.25,,,,
2025-12-02T16:54:33+00:00,1058,29.51,57.30,946.36,572.39,,,,
2025-12-02T16:55:33+00:00,1059,29.53,57.52,946.36,572.42,,,,
2025-12-02T16:56:34+00:00,1060,29.55,57.51,946.36,572.39,,,,
2025-12-02T16:57:33+00:00,1061,29.56,57.75,946.35,572.50,,,,
2025-12-02T16:58:34+00:00,1062,29.52,57.75,946.34,572.54,,,,
2025-12-02T16:59:34+00:00,1063,29.50,57.69,946.37,572.34,,,,
2025-12-02T17:00:34+00:00,1064,29.49,57.90,946.36,572.41,,,,
2025-12-02T17:01:34+00:00,1065,29.48,57.70,946.36,572.37,,,,
2025-12-02T17:02:34+00:00,1066,29.48,57.52,946.37,572.29,,,,
2025-12-02T17:03:34+00:00,1067,29.48,57.65,946.37,572.36,,,,
2025-12-02T17:04:34+00:00,1068,29.46,57.41,946.37,572.32,,,,
2025-12-02T17:05:34+00:00,1069,29.47,57.54,946.39,572.18,,,,
2025-12-02T17:06:34+00:00,1070,29.47,57.52,946.35,572.47,,,,
2025-12-02T17:07:34+00:00,1071,29.49,57.48,946.34,572.55,,,,
2025-12-02T17:08:34+00:00,1072,29.51,57.54,946.37,572.35,,,,
2025-12-02T17:09:34+00:00,1073,29.47,57.55,946.37,572.35,,,,
2025-12-02T17:10:34+00:00,1074,29.46,57.61,946.37,572.31,,,,
2025-12-02T17:11:34+00:00,1075,29.46,57.81,946.36,572.38,,,,
2025-12-02T17:12:34+00:00,1076,29.45,58.50,946.40,572.06,,,,
2025-12-02T17:13:37+00:00,1077,29.45,57.80,946.40,572.05,,,,
2025-12-02T17:14:34+00:00,1078,29.43,57.78,946.39,572.13,,,,
2025-12-02T17:15:34+00:00,1079,29.44,57.77,946.38,572.27,,,,
2025-12-02T17:16:34+00:00,1080,29.41,57.82,946.36,572.44,,,,
2025-12-02T17:17:34+00:00,1081,29.41,57.76,946.38,572.24,,,,
2025-12-02T17:18:34+00:00,1082,29.39,57.34,946.39,572.14,,,,
2025-12-02T17:19:37+00:00,1083,29.40,57.22,946.35,572.49,,,,
2025-12-02T17:20:35+00:00,1084,29.42,57.22,946.38,572.24,,,,
2025-12-02T17:21:35+00:00,1085,29.42,57.18,946.39,572.12,,,,
2025-12-02T17:22:35+00:00,1086,29.43,57.05,946.42,571.89,,,,
2025-12-02T17:23:35+00:00,1087,29.43,57.05,946.44,571.70,,,,
2025-12-02T17:24:35+00:00,1088,29.42,57.01,946.49,571.27,,,,
2025-12-02T17:25:35+00:00,1089,29.41,57.02,946.51,571.05,,,,
2025-12-02T17:26:35+00:00,1090,29.42,57.00,946.53,570.92,,,,
2025-12-02T17:27:35+00:00,1091,29.41,57.16,946.57,570.59,,,,
2025-12-02T17:28:35+00:00,1092,29.39,57.13,946.60,570.26,,,,
2025-12-02T17:29:35+00:00,1093,29.39,57.14,946.65,569.90,,,,
2025-12-02T17:30:35+00:00,1094,29.39,57.18,946.66,569.77,,,,
2025-12-02T17:31:35+00:00,1095,29.40,57.17,946.67,569.69,,,,
2025-12-02T17:32:35+00:00,1096,29.40,57.48,946.71,569.30,,,,
2025-12-02T17:33:35+00:00,1097,29.43,57.41,946.74,569.06,,,,
2025-12-02T17:34:37+00:00,1098,29.43,57.47,946.78,568.75,,,,
2025-12-02T17:35:35+00:00,1099,29.42,57.39,946.80,568.51,,,,
2025-12-02T17:36:35+00:00,1100,29.42,57.39,946.77,568.84,,,,
2025-12-02T17:37:38+00:00,1101,29.40,57.46,946.76,568.92,,,,
2025-12-02T17:38:35+00:00,1102,29.39,57.87,946.68,569.63,,,,
2025-12-02T17:39:36+00:00,1103,29.39,57.91,946.62,570.13,,,,
2025-12-02T17:40:35+00:00,1104,29.37,57.82,946.49,571.25,,,,
2025-12-02T17:41:38+00:00,1105,29.32,57.89,946.44,571.67,,,,
2025-12-02T17:42:36+00:00,1106,29.30,57.88,946.43,571.84,,,,
2025-12-02T17:43:36+00:00,1107,29.30,57.84,946.38,572.26,,,,
2025-12-02T17:44:36+00:00,1108,29.31,58.06,946.45,571.62,,,,
2025-12-02T17:45:36+00:00,1109,29.29,58.01,946.47,571.41,,,,
2025-12-02T17:46:36+00:00,1110,29.30,57.99,946.49,571.30,,,,
2025-12-02T17:47:41+00:00,1111,29.28,58.01,946.47,571.44,,,,
2025-12-02T17:48:40+00:00,1112,29.30,57.90,946.48,571.36,,,,
2025-12-02T17:49:36+00:00,1113,29.27,58.04,946.46,571.52,,,,
2025-12-02T17:50:36+00:00,1114,29.28,57.94,946.51,571.07,,,,
2025-12-02T17:51:36+00:00,1115,29.26,57.94,946.51,571.05,,,,
2025-12-02T17:52:36+00:00,1116,29.26,58.10,946.50,571.17,,,,
2025-12-02T17:53:36+00:00,1117,29.24,58.06,946.51,571.10,,,,
2025-12-02T17:54:36+00:00,1118,29.23,58.10,946.49,571.28,,,,
2025-12-02T17:55:38+00:00,1119,29.24,58.59,946.50,571.16,,,,
2025-12-02T17:56:39+00:00,1120,29.25,58.20,946.49,571.26,,,,
2025-12-02T17:57:38+00:00,1121,29.24,58.09,946.49,571.27,,,,
2025-12-02T17:58:36+00:00,1122,29.24,58.22,946.51,571.06,,,,
2025-12-02T17:59:36+00:00,1123,29.24,58.15,946.55,570.75,,,,
2025-12-02T18:00:36+00:00,1124,29.26,58.53,946.53,570.94,,,,
2025-12-02T18:01:36+00:00,1125,29.14,58.72,946.51,571.11,,,,
2025-12-02T18:02:36+00:00,1126,28.92,59.29,946.46,571.57,,,,
2025-12-02T18:03:39+00:00,1127,28.80,60.39,946.42,571.84,,,,
2025-12-02T18:04:36+00:00,1128,28.78,60.17,946.41,571.96,,,,
2025-12-02T18:05:39+00:00,1129,28.83,60.05,946.40,572.09,,,,
2025-12-02T18:06:36+00:00,1130,28.87,59.90,946.41,571.98,,,,
2025-12-02T18:07:36+00:00,1131,28.91,59.82,946.36,572.37,,,,
2025-12-02T18:08:36+00:00,1132,28.92,59.72,946.36,572.41,,,,
2025-12-02T18:09:37+00:00,1133,28.97,59.69,946.37,572.33,,,,
2025-12-02T18:10:37+00:00,1134,28.99,59.56,946.37,572.36,,,,
2025-12-02T18:11:37+00:00,1135,28.98,59.60,946.37,572.36,,,,
2025-12-02T18:12:37+00:00,1136,28.99,59.61,946.34,572.61,,,,
2025-12-02T18:13:37+00:00,1137,29.02,59.59,946.33,572.66,,,,
2025-12-02T18:14:37+00:00,1138,29.03,59.57,946.35,572.48,,,,
2025-12-02T18:15:37+00:00,1139,28.99,59.42,946.37,572.33,,,,
2025-12-02T18:16:37+00:00,1140,28.97,59.35,946.40,572.08,,,,
2025-12-02T18:17:37+00:00,1141,29.00,59.48,946.41,571.98,,,,
2025-12-02T18:18:37+00:00,1142,29.05,59.53,946.44,571.70,,,,
2025-12-02T18:19:37+00:00,1143,29.10,59.43,946.49,571.28,,,,
2025-12-02T18:20:37+00:00,1144,29.11,59.40,946.51,571.08,,,,
2025-12-02T18:21:37+00:00,1145,29.15,59.29,946.51,571.07,,,,
2025-12-02T18:22:37+00:00,1146,29.18,59.04,946.52,571.04,,,,
2025-12-02T18:23:40+00:00,1147,29.21,58.95,946.50,571.17,,,,
2025-12-02T18:24:37+00:00,1148,29.20,59.00,946.50,571.22,,,,
2025-12-02T18:25:40+00:00,1149,29.23,58.98,946.50,571.20,,,,
2025-12-02T18:26:37+00:00,1150,29.25,58.92,946.49,571.25,,,,
2025-12-02T18:27:37+00:00,1151,29.25,58.82,946.46,571.52,,,,
2025-12-02T18:28:40+00:00,1152,29.25,58.89,946.43,571.77,,,,
2025-12-02T18:29:37+00:00,1153,29.25,58.73,946.41,571.98,,,,
2025-12-02T18:30:37+00:00,1154,29.24,58.75,946.38,572.25,,,,
2025-12-02T18:31:37+00:00,1155,29.23,58.65,946.37,572.34,,,,
2025-12-02T18:32:37+00:00,1156,29.25,58.76,946.40,572.10,,,,
2025-12-02T18:33:37+00:00,1157,29.27,58.69,946.44,571.73,,,,
2025-12-02T18:34:38+00:00,1158,29.32,59.05,946.48,571.33,,,,
2025-12-02T18:35:38+00:00,1159,29.36,58.77,946.55,570.73,,,,
2025-12-02T18:36:38+00:00,1160,29.36,59.01,946.62,570.17,,,,
2025-12-02T18:37:38+00:00,1161,29.39,59.27,946.71,569.34,,,,
2025-12-02T18:38:38+00:00,1162,29.44,59.37,946.76,568.89,,,,
2025-12-02T18:39:38+00:00,1163,29.39,59.47,946.82,568.38,,,,
2025-12-02T18:40:38+00:00,1164,29.35,59.39,946.85,568.11,,,,
2025-12-02T18:41:38+00:00,1165,29.36,59.33,946.84,568.22,,,,
2025-12-02T18:42:40+00:00,1166,29.36,59.55,946.84,568.19,,,,
2025-12-02T18:43:38+00:00,1167,29.42,59.71,946.82,568.35,,,,
2025-12-02T18:44:38+00:00,1168,29.44,59.72,946.80,568.52,,,,
2025-12-02T18:45:38+00:00,1169,29.48,59.48,946.79,568.63,,,,
2025-12-02T18:46:38+00:00,1170,29.52,59.80,946.77,568.80,,,,
2025-12-02T18:47:38+00:00,1171,29.51,59.73,946.77,568.84,,,,
2025-12-02T18:48:38+00:00,1172,29.54,60.12,946.76,568.88,,,,
2025-12-02T18:49:38+00:00,1173,29.57,60.17,946.73,569.17,,,,
2025-12-02T18:50:38+00:00,1174,29.58,59.76,946.70,569.38,,,,
2025-12-02T18:51:38+00:00,1175,29.63,59.59,946.69,569.51,,,,
2025-12-02T18:52:38+00:00,1176,29.68,59.51,946.70,569.40,,,,
2025-12-02T18:53:41+00:00,1177,29.70,59.36,946.71,569.32,,,,
2025-12-02T18:54:38+00:00,1178,29.71,59.04,946.74,569.03,,,,
2025-12-02T18:55:38+00:00,1179,29.75,58.50,946.79,568.63,,,,
2025-12-02T18:56:38+00:00,1180,29.75,58.71,946.80,568.51,,,,
2025-12-02T18:57:38+00:00,1181,29.71,58.47,946.80,568.52,,,,
2025-12-02T18:58:39+00:00,1182,29.70,58.55,946.78,568.74,,,,
2025-12-02T18:59:39+00:00,1183,29.69,58.45,946.77,568.83,,,,
2025-12-02T19:00:39+00:00,1184,29.66,58.80,946.76,568.91,,,,
2025-12-02T19:01:39+00:00,1185,29.65,58.84,946.74,569.03,,,,
2025-12-02T19:02:42+00:00,1186,29.64,58.70,946.74,569.06,,,,
2025-12-02T19:03:39+00:00,1187,29.64,58.56,946.72,569.23,,,,
2025-12-02T19:04:39+00:00,1188,29.60,58.75,946.70,569.43,,,,
2025-12-02T19:05:39+00:00,1189,29.60,58.51,946.67,569.72,,,,
2025-12-02T19:06:39+00:00,1190,29.58,58.27,946.62,570.10,,,,
2025-12-02T19:07:39+00:00,1191,29.58,58.09,946.61,570.20,,,,
2025-12-02T19:08:39+00:00,1192,29.57,57.97,946.60,570.26,,,,
2025-12-02T19:09:39+00:00,1193,29.56,57.89,946.56,570.65,,,,
2025-12-02T19:10:39+00:00,1194,29.54,57.70,946.52,571.01,,,,
2025-12-02T19:11:39+00:00,1195,29.53,57.79,946.48,571.31,,,,
2025-12-02T19:12:39+00:00,1196,29.52,57.77,946.44,571.71,,,,
2025-12-02T19:13:39+00:00,1197,29.53,57.73,946.40,572.06,,,,
2025-12-02T19:14:39+00:00,1198,29.54,57.62,946.38,572.22,,,,
2025-12-02T19:15:39+00:00,1199,29.54,57.58,946.38,572.23,,,,
2025-12-02T19:16:39+00:00,1200,29.55,57.52,946.39,572.17,,,,
2025-12-02T19:17:39+00:00,1201,29.55,57.52,946.40,572.03,,,,
2025-12-02T19:18:39+00:00,1202,29.52,57.21,946.42,571.89,,,,
2025-12-02T19:19:39+00:00,1203,29.52,56.92,946.43,571.80,,,,
2025-12-02T19:20:39+00:00,1204,29.50,56.79,946.44,571.73,,,,
2025-12-02T19:21:49+00:00,1205,29.53,56.62,946.45,571.62,,,,
2025-12-02T19:22:39+00:00,1206,29.56,56.63,946.45,571.65,,,,
2025-12-02T19:23:40+00:00,1207,29.58,56.39,946.45,571.58,,,,
2025-12-02T19:24:40+00:00,1208,29.60,56.57,946.45,571.61,,,,
2025-12-02T19:25:40+00:00,1209,29.65,56.43,946.46,571.52,,,,
2025-12-02T19:26:40+00:00,1210,29.67,56.64,946.47,571.46,,,,
2025-12-02T19:27:42+00:00,1211,29.68,56.44,946.47,571.49,,,,
2025-12-02T19:28:41+00:00,1212,29.69,56.64,946.44,571.70,,,,
2025-12-02T19:29:40+00:00,1213,29.70,56.56,946.43,571.79,,,,
2025-12-02T19:30:40+00:00,1214,29.74,56.43,946.42,571.91,,,,
2025-12-02T19:31:42+00:00,1215,29.76,56.27,946.42,571.90,,,,
2025-12-02T19:32:40+00:00,1216,29.79,56.06,946.42,571.84,,,,
2025-12-02T19:33:40+00:00,1217,29.81,55.95,946.45,571.63,,,,
2025-12-02T19:34:43+00:00,1218,29.82,55.88,946.46,571.54,,,,
2025-12-02T19:35:49+00:00,1219,29.83,55.81,946.49,571.29,,,,
2025-12-02T19:36:40+00:00,1220,29.84,56.20,946.51,571.09,,,,
2025-12-02T19:37:40+00:00,1221,29.84,56.20,946.51,571.10,,,,
2025-12-02T19:38:40+00:00,1222,29.90,56.04,946.52,571.00,,,,
2025-12-02T19:39:42+00:00,1223,29.96,55.93,946.50,571.15,,,,
2025-12-02T19:40:42+00:00,1224,30.01,55.75,946.52,571.01,,,,
2025-12-02T19:41:40+00:00,1225,30.00,55.60,946.51,571.07,,,,
2025-12-02T19:42:40+00:00,1226,30.03,55.38,946.54,570.83,,,,
2025-12-02T19:43:41+00:00,1227,30.10,55.20,946.51,571.13,,,,
2025-12-02T19:44:41+00:00,1228,30.19,55.07,946.46,571.51,,,,
2025-12-02T19:45:41+00:00,1229,30.19,54.87,946.45,571.63,,,,
2025-12-02T19:46:41+00:00,1230,30.20,54.90,946.43,571.78,,,,
2025-12-02T19:47:44+00:00,1231,30.07,55.50,946.43,571.80,,,,
2025-12-02T19:48:41+00:00,1232,29.98,55.60,946.43,571.78,,,,
2025-12-02T19:49:41+00:00,1233,29.93,55.74,946.43,571.76,,,,
2025-12-02T19:50:41+00:00,1234,29.97,55.57,946.45,571.61,,,,
2025-12-02T19:51:41+00:00,1235,30.02,55.52,946.46,571.51,,,,
2025-12-02T19:52:41+00:00,1236,29.98,55.59,946.45,571.63,,,,
2025-12-02T19:53:41+00:00,1237,29.93,55.55,946.46,571.50,,,,
2025-12-02T19:54:41+00:00,1238,29.89,55.79,946.46,571.50,,,,
2025-12-02T19:55:41+00:00,1239,29.84,55.97,946.47,571.45,,,,
2025-12-02T19:56:41+00:00,1240,29.78,56.70,946.48,571.39,,,,
2025-12-02T19:57:44+00:00,1241,29.73,57.43,946.49,571.25,,,,
2025-12-02T19:58:41+00:00,1242,29.66,58.09,946.50,571.14,,,,
2025-12-02T19:59:41+00:00,1243,29.61,57.80,946.52,571.04,,,,
2025-12-02T20:00:41+00:00,1244,29.59,57.71,946.55,570.73,,,,
2025-12-02T20:01:44+00:00,1245,29.59,57.67,946.58,570.52,,,,
2025-12-02T20:02:44+00:00,1246,29.64,57.55,946.60,570.27,,,,
2025-12-02T20:03:41+00:00,1247,29.61,57.55,946.66,569.81,,,,
2025-12-02T20:04:42+00:00,1248,29.58,57.64,946.70,569.39,,,,
2025-12-02T20:05:44+00:00,1249,29.58,57.52,946.73,569.18,,,,
2025-12-02T20:06:42+00:00,1250,29.64,57.38,946.71,569.33,,,,
2025-12-02T20:07:42+00:00,1251,29.64,57.17,946.71,569.32,,,,
2025-12-02T20:08:44+00:00,1252,29.66,57.10,946.70,569.40,,,,
2025-12-02T20:09:42+00:00,1253,29.64,57.04,946.70,569.46,,,,
2025-12-02T20:10:42+00:00,1254,29.64,57.10,946.70,569.38,,,,
2025-12-02T20:11:42+00:00,1255,29.65,57.15,946.75,568.95,,,,
2025-12-02T20:12:44+00:00,1256,29.66,57.31,946.76,568.89,,,,
2025-12-02T20:13:42+00:00,1257,29.66,57.27,946.72,569.23,,,,
2025-12-02T20:14:42+00:00,1258,29.69,57.06,946.72,569.28,,,,
2025-12-02T20:15:42+00:00,1259,29.63,56.93,946.67,569.72,,,,
2025-12-02T20:16:42+00:00,1260,29.63,57.09,946.63,570.02,,,,
2025-12-02T20:17:42+00:00,1261,29.58,57.06,946.61,570.17,,,,
2025-12-02T20:18:42+00:00,1262,29.56,57.21,946.59,570.41,,,,
2025-12-02T20:19:44+00:00,1263,29.50,57.34,946.57,570.56,,,,
2025-12-02T20:20:42+00:00,1264,29.47,57.57,946.54,570.83,,,,
2025-12-02T20:21:42+00:00,1265,29.46,57.58,946.53,570.90,,,,
2025-12-02T20:22:45+00:00,1266,29.43,57.60,946.48,571.33,,,,
2025-12-02T20:23:42+00:00,1267,29.45,57.62,946.42,571.89,,,,
2025-12-02T20:24:42+00:00,1268,29.42,57.75,946.39,572.14,,,,
2025-12-02T20:25:42+00:00,1269,29.47,57.68,946.40,572.10,,,,
2025-12-02T20:26:45+00:00,1270,29.44,57.65,946.39,572.14,,,,
2025-12-02T20:27:45+00:00,1271,29.45,57.73,946.40,572.04,,,,
2025-12-02T20:28:43+00:00,1272,29.41,57.70,946.42,571.89,,,,
2025-12-02T20:29:43+00:00,1273,29.38,57.63,946.40,572.05,,,,
2025-12-02T20:30:43+00:00,1274,29.38,57.52,946.42,571.84,,,,
2025-12-02T20:31:43+00:00,1275,29.35,57.60,946.41,571.97,,,,
2025-12-02T20:32:43+00:00,1276,29.32,57.34,946.40,572.08,,,,
2025-12-02T20:33:43+00:00,1277,29.28,57.05,946.39,572.11,,,,
2025-12-02T20:34:45+00:00,1278,29.25,57.62,946.42,571.86,,,,
2025-12-02T20:35:43+00:00,1279,29.24,57.72,946.44,571.70,,,,
2025-12-02T20:36:43+00:00,1280,29.20,57.89,946.46,571.50,,,,
2025-12-02T20:37:43+00:00,1281,29.21,57.85,946.50,571.20,,,,
2025-12-02T20:38:43+00:00,1282,29.21,58.03,946.54,570.84,,,,
2025-12-02T20:39:43+00:00,1283,29.20,58.05,946.56,570.67,,,,
2025-12-02T20:40:43+00:00,1284,29.26,58.27,946.59,570.39,,,,
2025-12-02T20:41:43+00:00,1285,29.27,58.20,946.62,570.14,,,,
2025-12-02T20:42:45+00:00,1286,29.27,58.41,946.61,570.17,,,,
2025-12-02T20:43:43+00:00,1287,29.22,58.78,946.58,570.51,,,,
2025-12-02T20:44:45+00:00,1288,29.23,58.83,946.55,570.75,,,,
2025-12-02T20:45:43+00:00,1289,29.23,58.96,946.52,570.97,,,,
2025-12-02T20:46:43+00:00,1290,29.24,58.85,946.50,571.22,,,,
2025-12-02T20:47:43+00:00,1291,29.25,58.77,946.49,571.24,,,,
2025-12-02T20:48:43+00:00,1292,29.23,58.78,946.51,571.07,,,,
2025-12-02T20:49:43+00:00,1293,29.21,59.10,946.52,571.02,,,,
2025-12-02T20:50:48+00:00,1294,29.21,59.11,946.54,570.83,,,,
2025-12-02T20:51:43+00:00,1295,29.24,58.81,946.59,570.41,,,,
2025-12-02T20:52:43+00:00,1296,29.22,58.87,946.59,570.41,,,,
2025-12-02T20:53:43+00:00,1297,29.20,58.87,946.60,570.34,,,,
2025-12-02T20:54:43+00:00,1298,29.16,58.88,946.59,570.36,,,,
2025-12-02T20:55:43+00:00,1299,29.12,58.89,946.58,570.45,,,,
2025-12-02T20:56:44+00:00,1300,29.12,58.88,946.54,570.79,,,,
2025-12-02T20:57:44+00:00,1301,29.08,58.90,946.52,570.97,,,,
2025-12-02T20:58:46+00:00,1302,29.06,58.77,946.47,571.43,,,,
2025-12-02T20:59:47+00:00,1303,29.06,58.85,946.47,571.41,,,,
2025-12-02T21:00:44+00:00,1304,29.07,58.88,946.48,571.37,,,,
2025-12-02T21:01:44+00:00,1305,29.09,58.89,946.50,571.22,,,,
2025-12-02T21:02:44+00:00,1306,29.11,58.86,946.52,571.00,,,,
2025-12-02T21:03:44+00:00,1307,29.13,58.91,946.53,570.87,,,,
2025-12-02T21:04:44+00:00,1308,29.13,58.96,946.53,570.88,,,,
2025-12-02T21:05:44+00:00,1309,29.17,58.90,946.49,571.24,,,,
2025-12-02T21:06:44+00:00,1310,29.18,58.96,946.46,571.52,,,,
2025-12-02T21:07:44+00:00,1311,29.18,58.93,946.44,571.71,,,,
2025-12-02T21:08:46+00:00,1312,29.18,58.93,946.40,572.03,,,,
2025-12-02T21:09:47+00:00,1313,29.17,58.95,946.39,572.17,,,,
2025-12-02T21:10:44+00:00,1314,29.17,58.92,946.39,572.16,,,,
2025-12-02T21:11:44+00:00,1315,29.18,58.93,946.39,572.14,,,,
2025-12-02T21:12:44+00:00,1316,29.18,58.89,946.41,571.95,,,,
2025-12-02T21:13:44+00:00,1317,29.18,58.92,946.45,571.65,,,,
2025-12-02T21:14:44+00:00,1318,29.21,58.84,946.49,571.28,,,,
2025-12-02T21:15:44+00:00,1319,29.22,58.90,946.51,571.08,,,,
2025-12-02T21:16:44+00:00,1320,29.24,58.94,946.51,571.12,,,,
2025-12-02T21:17:44+00:00,1321,29.25,58.94,946.53,570.95,,,,
2025-12-02T21:18:44+00:00,1322,29.23,58.93,946.51,571.10,,,,
2025-12-02T21:19:44+00:00,1323,29.25,59.10,946.50,571.14,,,,
2025-12-02T21:20:44+00:00,1324,29.26,59.14,946.48,571.31,,,,
2025-12-02T21:21:45+00:00,1325,29.26,59.19,946.47,571.45,,,,
2025-12-02T21:22:45+00:00,1326,29.25,59.24,946.45,571.61,,,,
2025-12-02T21:23:45+00:00,1327,29.25,59.46,946.43,571.81,,,,
2025-12-02T21:24:45+00:00,1328,29.25,59.30,946.42,571.92,,,,
2025-12-02T21:25:45+00:00,1329,29.27,59.42,946.39,572.11,,,,
2025-12-02T21:26:45+00:00,1330,29.28,59.37,946.37,572.30,,,,
2025-12-02T21:27:50+00:00,1331,29.28,59.43,946.35,572.54,,,,
2025-12-02T21:28:45+00:00,1332,29.27,59.40,946.32,572.77,,,,
2025-12-02T21:29:45+00:00,1333,29.28,59.53,946.32,572.72,,,,
2025-12-02T21:30:45+00:00,1334,29.27,59.61,946.36,572.43,,,,
2025-12-02T21:31:45+00:00,1335,29.28,59.54,946.40,572.04,,,,
2025-12-02T21:32:45+00:00,1336,29.30,59.20,946.44,571.74,,,,
2025-12-02T21:33:45+00:00,1337,29.29,59.73,946.49,571.28,,,,
2025-12-02T21:34:45+00:00,1338,29.30,59.75,946.52,570.99,,,,
2025-12-02T21:35:45+00:00,1339,29.27,59.79,946.56,570.67,,,,
